mes,pais,plan,mrr_inicial_usd,nuevo_usd,expansion_usd,reactivacion_usd,contraccion_usd,churn_usd,mrr_final_usd,clientes_inicial,clientes_nuevos,clientes_baja,clientes_final
2024-09,Colombia,Siigo Contador,0.0,0.0,0.0,0.0,0.0,0.0,0.0,18051,0,0,18051
2024-09,Colombia,Profesional Independiente,796031.7,0.0,0.0,0.0,0.0,0.0,796031.7,24952,0,0,24952
2024-09,Colombia,Emprendedor,1176393.46,0.0,0.0,0.0,0.0,0.0,1176393.46,28138,0,0,28138
2024-09,Colombia,Premium,747570.05,0.0,0.0,0.0,0.0,0.0,747570.05,16458,0,0,16458
2024-09,Colombia,Corporativo,469335.51,0.0,0.0,0.0,0.0,0.0,469335.51,5521,0,0,5521
2024-09,Colombia,Siigo POS,171395.16,0.0,0.0,0.0,0.0,0.0,171395.16,8813,0,0,8813
2024-09,Colombia,POS Gastrobar,110442.8,0.0,0.0,0.0,0.0,0.0,110442.8,4247,0,0,4247
2024-10,Colombia,Siigo Contador,0.0,0.0,0.0,0.0,-0.0,-0.0,0.0,18051,340,231,18161
2024-10,Colombia,Profesional Independiente,796031.7,16907.09,6323.66,850.25,-1433.51,-17858.38,800820.8,24952,642,560,25034
2024-10,Colombia,Emprendedor,1176393.46,20587.77,14297.0,833.91,-1573.27,-17434.11,1193104.75,28138,588,417,28309
2024-10,Colombia,Premium,747570.05,12226.08,8502.86,409.33,-2472.44,-8581.0,757654.87,16458,320,189,16589
2024-10,Colombia,Corporativo,469335.51,4823.15,5376.37,127.29,-0.0,-2659.23,477003.08,5521,67,31,5557
2024-10,Colombia,Siigo POS,171395.16,4493.23,1678.36,187.12,-403.87,-3925.2,173424.8,8813,277,202,8888
2024-10,Colombia,POS Gastrobar,110442.8,2857.79,1020.05,138.5,-69.8,-2902.0,111487.35,4247,133,112,4268
2024-11,Colombia,Siigo Contador,0.0,0.0,0.0,0.0,-0.0,-0.0,0.0,18161,324,235,18250
2024-11,Colombia,Profesional Independiente,800820.8,16591.63,6007.25,935.96,-2550.29,-19694.26,802111.08,25034,633,616,25051
2024-11,Colombia,Emprendedor,1193104.75,21426.11,10641.98,915.52,-0.0,-19166.78,1206921.58,28309,609,455,28463
2024-11,Colombia,Premium,757654.87,9953.27,6691.15,409.14,-916.32,-8580.74,765211.36,16589,261,188,16663
2024-11,Colombia,Corporativo,477003.08,4675.53,3746.0,134.46,-913.97,-2824.83,481820.28,5557,65,33,5589
2024-11,Colombia,Siigo POS,173424.8,3649.82,1209.53,158.86,-439.88,-3342.39,174660.76,8888,225,171,8942
2024-11,Colombia,POS Gastrobar,111487.35,2584.77,953.38,127.42,-353.22,-2678.29,112121.4,4268,120,103,4285
2024-12,Colombia,Siigo Contador,0.0,0.0,0.0,0.0,-0.0,-0.0,0.0,18250,291,282,18258
2024-12,Colombia,Profesional Independiente,802111.08,16987.68,6693.9,1028.87,-1692.47,-21608.08,803520.98,25051,648,675,25024
2024-12,Colombia,Emprendedor,1206921.58,17170.74,6075.79,993.11,-1741.68,-20911.97,1208507.58,28463,495,493,28465
2024-12,Colombia,Premium,765211.36,7250.0,6703.19,422.29,-758.06,-8855.35,769973.44,16663,192,193,16662
2024-12,Colombia,Corporativo,481820.28,3572.54,5672.52,161.51,-1296.84,-3382.45,486547.57,5589,50,39,5599
2024-12,Colombia,Siigo POS,174660.76,3453.69,1347.1,203.63,-499.85,-4282.45,174882.88,8942,216,219,8939
2024-12,Colombia,POS Gastrobar,112121.4,2487.07,958.72,160.46,-277.67,-3370.52,112079.47,4285,117,129,4273
2025-01,Colombia,Siigo Contador,0.0,0.0,0.0,0.0,-0.0,-0.0,0.0,18258,586,332,18512
2025-01,Colombia,Profesional Independiente,803520.98,34108.25,50923.27,1972.63,-1563.08,-24026.64,864935.42,25024,1227,748,25503
2025-01,Colombia,Emprendedor,1208507.58,40214.68,78772.06,2177.73,-2839.62,-26489.79,1300342.63,28465,1089,624,28930
2025-01,Colombia,Premium,769973.44,17146.93,49633.48,944.32,-2805.33,-11508.54,823384.3,16662,428,249,16841
2025-01,Colombia,Corporativo,486547.57,8036.97,31366.3,336.61,-1022.63,-4096.26,521168.55,5599,105,47,5657
2025-01,Colombia,Siigo POS,174882.88,6181.96,11291.28,379.25,-359.54,-4614.56,187761.27,8939,366,236,9069
2025-01,Colombia,POS Gastrobar,112079.47,5135.24,6990.38,289.14,-234.58,-3525.61,120734.05,4273,226,134,4365
2025-02,Colombia,Siigo Contador,0.0,0.0,0.0,0.0,-0.0,-0.0,0.0,18512,396,219,18689
2025-02,Colombia,Profesional Independiente,864935.42,27195.05,7209.69,1545.07,-1727.53,-19849.21,879308.49,25503,976,585,25894
2025-02,Colombia,Emprendedor,1300342.63,27297.68,13038.9,1523.05,-2563.65,-19533.0,1320105.61,28930,737,435,29233
2025-02,Colombia,Premium,823384.3,13490.65,6799.99,737.27,-1957.75,-9475.87,832978.59,16841,335,194,16982
2025-02,Colombia,Corporativo,521168.55,6405.74,6850.16,256.1,-1484.72,-3277.21,529918.63,5657,83,36,5705
2025-02,Colombia,Siigo POS,187761.27,4502.91,1535.51,279.58,-484.37,-3594.4,190000.51,9069,266,174,9162
2025-02,Colombia,POS Gastrobar,120734.05,3911.05,790.09,225.36,-2.21,-2894.63,122763.72,4365,172,105,4432
2025-03,Colombia,Siigo Contador,0.0,0.0,0.0,0.0,-0.0,-0.0,0.0,18689,436,243,18882
2025-03,Colombia,Profesional Independiente,879308.49,23681.08,6564.66,1627.84,-734.32,-20906.44,889541.31,25894,858,616,26137
2025-03,Colombia,Emprendedor,1320105.61,27839.5,11944.8,1676.82,-1962.51,-21515.7,1338088.52,29233,752,476,29509
2025-03,Colombia,Premium,832978.59,13109.64,6711.85,712.93,-1323.69,-9157.73,843031.59,16982,325,187,17120
2025-03,Colombia,Corporativo,529918.63,6368.58,4895.68,245.86,-62.68,-3149.82,538216.25,5705,82,34,5753
2025-03,Colombia,Siigo POS,190000.51,4666.63,1849.2,291.94,-591.44,-3749.52,192467.33,9162,275,181,9256
2025-03,Colombia,POS Gastrobar,122763.72,4294.45,1174.83,255.45,-234.06,-3277.38,124977.01,4432,189,118,4503
2025-04,Colombia,Siigo Contador,0.0,0.0,0.0,0.0,-0.0,-0.0,0.0,18882,381,247,19015
2025-04,Colombia,Profesional Independiente,889541.31,22155.89,7916.78,1567.3,-3204.29,-20155.68,897821.31,26137,803,592,26348
2025-04,Colombia,Emprendedor,1338088.52,25769.73,12187.1,1760.09,-2541.08,-22592.02,1352672.34,29509,698,498,29709
2025-04,Colombia,Premium,843031.59,11768.46,8203.91,717.15,-957.43,-9192.51,853571.18,17120,291,187,17225
2025-04,Colombia,Corporativo,538216.25,4671.56,5597.17,224.8,-1202.36,-2882.79,544624.63,5753,60,31,5782
2025-04,Colombia,Siigo POS,192467.33,3951.81,2114.81,324.03,-366.0,-4151.37,194340.6,9256,236,200,9293
2025-04,Colombia,POS Gastrobar,124977.01,2911.04,1159.98,235.8,-355.67,-3029.03,125899.14,4503,130,109,4524
2025-05,Colombia,Siigo Contador,0.0,0.0,0.0,0.0,-0.0,-0.0,0.0,19015,360,243,19131
2025-05,Colombia,Profesional Independiente,897821.31,20651.88,8961.9,984.07,-2050.59,-20637.28,905731.3,26348,731,606,26473
2025-05,Colombia,Emprendedor,1352672.34,25351.09,12991.38,1024.11,-4476.6,-21506.93,1366055.39,29709,668,472,29905
2025-05,Colombia,Premium,853571.18,13389.74,7704.23,473.24,-1514.42,-9928.81,863695.17,17225,322,200,17347
2025-05,Colombia,Corporativo,544624.63,5661.37,5568.17,163.87,-1868.8,-3439.57,550709.67,5782,71,37,5817
2025-05,Colombia,Siigo POS,194340.6,4529.51,2157.89,184.72,-175.45,-3864.19,197173.09,9293,259,185,9367
2025-05,Colombia,POS Gastrobar,125899.14,3098.51,1418.05,141.45,-265.78,-2962.12,127329.26,4524,134,106,4552
2025-06,Colombia,Siigo Contador,0.0,0.0,0.0,0.0,-0.0,-0.0,0.0,19131,341,257,19216
2025-06,Colombia,Profesional Independiente,905731.3,22015.47,9255.24,1058.52,-2516.78,-22204.22,913339.52,26473,776,649,26600
2025-06,Colombia,Emprendedor,1366055.39,21003.64,14203.33,1028.91,-2353.12,-21556.67,1378381.48,29905,555,472,29987
2025-06,Colombia,Premium,863695.17,11709.38,9232.94,461.57,-2239.22,-9675.81,873184.01,17347,281,194,17434
2025-06,Colombia,Corporativo,550709.67,5083.04,5454.2,151.72,-1054.55,-3180.81,557163.26,5817,64,34,5847
2025-06,Colombia,Siigo POS,197173.09,3615.39,1792.57,185.21,-418.28,-3886.92,198461.07,9367,208,185,9390
2025-06,Colombia,POS Gastrobar,127329.26,2549.44,1005.42,141.1,-285.33,-2965.09,127774.8,4552,111,106,4557
2025-07,Colombia,Siigo Contador,0.0,0.0,0.0,0.0,-0.0,-0.0,0.0,19216,315,235,19296
2025-07,Colombia,Profesional Independiente,913339.52,23264.01,8697.33,1068.17,-1301.56,-22391.93,922675.53,26600,815,652,26764
2025-07,Colombia,Emprendedor,1378381.48,20307.32,12590.46,1133.34,-2740.52,-23780.61,1385891.47,29987,537,517,30007
2025-07,Colombia,Premium,873184.01,10347.91,8594.33,441.63,-1919.05,-9262.03,881386.8,17434,248,185,17497
2025-07,Colombia,Corporativo,557163.26,5506.66,5541.16,152.89,-553.83,-3202.28,564607.86,5847,68,34,5882
2025-07,Colombia,Siigo POS,198461.07,4623.54,1768.17,196.86,-287.99,-4129.41,200632.23,9390,263,195,9457
2025-07,Colombia,POS Gastrobar,127774.8,2986.06,1078.24,148.83,-202.63,-3123.82,128661.47,4557,129,111,4574
2025-08,Colombia,Siigo Contador,0.0,0.0,0.0,0.0,-0.0,-0.0,0.0,19296,350,227,19418
2025-08,Colombia,Profesional Independiente,922675.53,23048.11,8385.12,1019.31,-964.32,-21368.83,932794.93,26764,803,620,26947
2025-08,Colombia,Emprendedor,1385891.47,26912.41,16477.78,1009.77,-2339.86,-21123.74,1406827.84,30007,694,457,30244
2025-08,Colombia,Premium,881386.8,11163.0,7441.4,457.81,-393.21,-9598.05,890457.75,17497,266,191,17572
2025-08,Colombia,Corporativo,564607.86,5465.41,5698.75,154.89,-663.19,-3244.35,572019.37,5882,67,34,5915
2025-08,Colombia,Siigo POS,200632.23,4473.99,1742.5,208.6,-455.28,-4380.25,202221.8,9457,254,206,9505
2025-08,Colombia,POS Gastrobar,128661.47,3399.62,1093.19,157.53,-496.73,-3313.74,129501.36,4574,146,118,4602
2025-09,Colombia,Siigo Contador,0.0,0.0,0.0,0.0,-0.0,-0.0,0.0,19418,345,243,19521
2025-09,Colombia,Profesional Independiente,932794.93,24842.09,8161.04,936.98,-1464.8,-19659.72,945610.52,26947,858,568,27237
2025-09,Colombia,Emprendedor,1406827.84,25869.17,12570.07,973.14,-4351.83,-20445.55,1421442.83,30244,666,440,30470
2025-09,Colombia,Premium,890457.75,14981.91,8498.47,511.13,-2610.33,-10730.67,901108.27,17572,353,212,17713
2025-09,Colombia,Corporativo,572019.37,6265.32,4170.71,155.1,-1425.16,-3262.08,577923.27,5915,77,34,5958
2025-09,Colombia,Siigo POS,202221.8,4504.07,1754.57,190.75,-192.41,-4000.14,204478.63,9505,254,188,9571
2025-09,Colombia,POS Gastrobar,129501.36,3366.65,1441.37,151.89,-424.09,-3184.87,130852.31,4602,144,113,4633
2025-10,Colombia,Siigo Contador,0.0,0.0,0.0,0.0,-0.0,-0.0,0.0,19521,342,225,19637
2025-10,Colombia,Profesional Independiente,945610.52,23863.85,7426.46,1028.22,-2430.92,-21614.9,953883.22,27237,827,623,27442
2025-10,Colombia,Emprendedor,1421442.83,26035.1,15833.02,1102.76,-2959.24,-23095.23,1438359.24,30470,669,495,30644
2025-10,Colombia,Premium,901108.27,11027.03,9887.36,456.92,-292.91,-9554.33,912632.34,17713,259,188,17784
2025-10,Colombia,Corporativo,577923.27,5963.31,5833.61,168.26,-888.7,-3525.65,585474.1,5958,73,36,5995
2025-10,Colombia,Siigo POS,204478.63,4596.63,1670.91,208.85,-424.01,-4386.91,206144.1,9571,259,205,9625
2025-10,Colombia,POS Gastrobar,130852.31,3078.51,1034.75,132.85,-247.81,-2790.72,132059.9,4633,131,99,4665
2025-11,Colombia,Siigo Contador,0.0,0.0,0.0,0.0,-0.0,-0.0,0.0,19637,319,233,19724
2025-11,Colombia,Profesional Independiente,953883.22,23901.72,9637.53,1098.05,-1194.62,-23001.26,964324.65,27442,827,662,27607
2025-11,Colombia,Emprendedor,1438359.24,21619.82,12013.87,1012.7,-3309.05,-21272.45,1448424.14,30644,556,453,30747
2025-11,Colombia,Premium,912632.34,12944.48,7040.36,553.24,-1526.42,-11621.2,920022.8,17784,303,226,17861
2025-11,Colombia,Corporativo,585474.1,5640.68,5336.19,161.31,-2161.59,-3390.49,591060.18,5995,69,35,6029
2025-11,Colombia,Siigo POS,206144.1,4471.36,2137.77,193.74,-408.77,-4060.18,208478.03,9625,251,190,9686
2025-11,Colombia,POS Gastrobar,132059.9,3208.86,1241.76,158.33,-222.59,-3320.3,133125.96,4665,137,117,4685
2025-12,Colombia,Siigo Contador,0.0,0.0,0.0,0.0,-0.0,-0.0,0.0,19724,304,299,19729
2025-12,Colombia,Profesional Independiente,964324.65,19652.22,6820.05,1266.32,-1285.54,-26608.05,964169.65,27607,690,762,27536
2025-12,Colombia,Emprendedor,1448424.14,23071.62,11728.83,1318.93,-1376.31,-27674.83,1455492.37,30747,596,587,30755
2025-12,Colombia,Premium,920022.8,9782.06,9440.23,543.77,-1352.75,-11391.12,927044.99,17861,230,221,17871
2025-12,Colombia,Corporativo,591060.18,4352.48,4697.56,188.23,-1516.31,-3956.59,594825.55,6029,53,40,6042
2025-12,Colombia,Siigo POS,208478.03,3673.91,2072.2,244.38,-464.66,-5124.86,208879.0,9686,209,238,9658
2025-12,Colombia,POS Gastrobar,133125.96,2350.4,1004.56,183.18,-43.81,-3843.39,132776.91,4685,103,135,4652
2026-01,Colombia,Siigo Contador,0.0,0.0,0.0,0.0,-0.0,-0.0,0.0,19729,646,356,20018
2026-01,Colombia,Profesional Independiente,964169.65,35774.14,64933.72,2124.13,-1302.08,-25761.19,1039938.38,27536,1177,736,27977
2026-01,Colombia,Emprendedor,1455492.37,45187.72,95192.65,2190.39,-1354.46,-26602.8,1570105.87,30755,1091,562,31284
2026-01,Colombia,Premium,927044.99,22935.2,61437.33,1091.52,-1111.27,-13249.22,998148.54,17871,504,255,18120
2026-01,Colombia,Corporativo,594825.55,10782.48,37957.59,370.09,-1128.02,-4505.68,638302.02,6042,124,46,6120
2026-01,Colombia,Siigo POS,208879.0,8599.85,13659.28,441.78,-605.2,-5375.54,225599.18,9658,456,249,9865
2026-01,Colombia,POS Gastrobar,132776.91,5669.56,8820.54,348.92,-159.95,-4234.73,143221.25,4652,229,148,4733
2026-02,Colombia,Siigo Contador,0.0,0.0,0.0,0.0,-0.0,-0.0,0.0,20018,496,277,20236
2026-02,Colombia,Profesional Independiente,1039938.38,34514.23,8121.07,1965.12,-1913.02,-25254.79,1057370.99,27977,1131,679,28429
2026-02,Colombia,Emprendedor,1570105.87,36373.85,15298.41,1883.86,-3021.21,-24166.1,1596474.68,31284,877,482,31680
2026-02,Colombia,Premium,998148.54,18237.35,9482.88,859.54,-1830.66,-11027.75,1013869.9,18120,399,200,18318
2026-02,Colombia,Corporativo,638302.02,7989.89,5867.88,271.25,-842.06,-3479.35,648109.63,6120,91,33,6178
2026-02,Colombia,Siigo POS,225599.18,5721.82,1509.35,387.4,-467.82,-4985.4,227764.53,9865,308,218,9955
2026-02,Colombia,POS Gastrobar,143221.25,4641.01,1286.22,275.76,-285.72,-3540.34,145598.18,4733,187,117,4803
2026-03,Colombia,Siigo Contador,0.0,0.0,0.0,0.0,-0.0,-0.0,0.0,20236,455,267,20425
2026-03,Colombia,Profesional Independiente,1057370.99,32397.34,10000.96,2175.28,-1750.6,-27904.76,1072289.21,28429,1069,750,28747
2026-03,Colombia,Emprendedor,1596474.68,33391.56,13056.6,1697.6,-2214.34,-21798.92,1620607.18,31680,802,433,32049
2026-03,Colombia,Premium,1013869.9,18821.88,11987.36,905.99,-1126.15,-11588.68,1032870.3,18318,409,209,18518
2026-03,Colombia,Corporativo,648109.63,7733.76,8012.96,291.9,-1486.09,-3736.14,658926.01,6178,88,36,6230
2026-03,Colombia,Siigo POS,227764.53,5292.31,1834.86,366.51,-265.05,-4705.91,230287.24,9955,285,206,10034
2026-03,Colombia,POS Gastrobar,145598.18,4572.07,804.2,297.57,-424.01,-3837.03,147010.99,4803,186,127,4862
2026-04,Colombia,Siigo Contador,0.0,0.0,0.0,0.0,-0.0,-0.0,0.0,20425,433,261,20596
2026-04,Colombia,Profesional Independiente,1072289.21,29145.98,8613.13,2095.89,-2059.54,-26931.64,1083153.03,28747,964,722,28989
2026-04,Colombia,Emprendedor,1620607.18,29600.01,10350.7,2004.15,-3246.02,-25797.06,1633518.97,32049,721,510,32260
2026-04,Colombia,Premium,1032870.3,14920.65,12129.96,904.0,-2689.42,-11581.31,1046554.17,18518,326,208,18636
2026-04,Colombia,Corporativo,658926.01,6654.76,5418.87,317.93,-1462.66,-4085.72,665769.19,6230,76,39,6267
2026-04,Colombia,Siigo POS,230287.24,4559.83,1594.74,330.92,-469.44,-4257.38,232045.91,10034,246,186,10095
2026-04,Colombia,POS Gastrobar,147010.99,3733.21,1292.07,280.21,-329.94,-3599.03,148387.5,4862,153,119,4896
2026-05,Colombia,Siigo Contador,0.0,0.0,0.0,0.0,-0.0,-0.0,0.0,20596,385,264,20718
2026-05,Colombia,Profesional Independiente,1083153.03,24729.83,8589.37,1146.98,-3394.49,-24123.02,1090101.7,28989,800,646,29143
2026-05,Colombia,Emprendedor,1633518.97,29266.24,12224.03,1253.02,-2118.67,-26316.89,1647826.7,32260,695,520,32435
2026-05,Colombia,Premium,1046554.17,15876.96,8248.68,559.12,-3808.93,-11765.71,1055664.29,18636,338,210,18765
2026-05,Colombia,Corporativo,665769.19,6509.92,7020.91,181.25,-1451.03,-3798.57,674231.68,6267,73,36,6304
2026-05,Colombia,Siigo POS,232045.91,4627.92,1864.29,232.75,-640.97,-4892.84,233237.07,10095,244,213,10126
2026-05,Colombia,POS Gastrobar,148387.5,3932.32,1258.86,170.22,-466.65,-3578.06,149704.19,4896,156,118,4934
2026-06,Colombia,Siigo Contador,0.0,0.0,0.0,0.0,-0.0,-0.0,0.0,20718,356,250,20823
2026-06,Colombia,Profesional Independiente,1090101.7,25127.0,8625.5,1284.63,-2513.24,-26996.36,1095629.23,29143,814,722,29236
2026-06,Colombia,Emprendedor,1647826.7,27602.47,15652.7,1165.95,-3484.73,-24459.17,1664303.92,32435,652,481,32606
2026-06,Colombia,Premium,1055664.29,14365.19,6144.07,557.8,-2100.1,-11742.74,1062888.49,18765,307,209,18863
2026-06,Colombia,Corporativo,674231.68,6612.87,5224.12,190.77,-1143.84,-4007.18,681108.42,6304,73,37,6340
2026-06,Colombia,Siigo POS,233237.07,4970.78,1863.44,242.45,-361.08,-5090.78,234861.88,10126,261,221,10165
2026-06,Colombia,POS Gastrobar,149704.19,3789.21,1444.82,182.67,-139.99,-3827.01,151153.88,4934,151,126,4959
2026-07,Colombia,Siigo Contador,0.0,0.0,0.0,0.0,-0.0,-0.0,0.0,20823,340,263,20900
2026-07,Colombia,Profesional Independiente,1095629.23,25005.38,9950.67,1315.13,-753.53,-27560.94,1103585.94,29236,808,735,29308
2026-07,Colombia,Emprendedor,1664303.92,32370.83,13192.21,1294.22,-4051.08,-27200.99,1679909.11,32606,761,533,32834
2026-07,Colombia,Premium,1062888.49,16518.06,9431.23,605.0,-1608.62,-12691.9,1075142.26,18863,350,225,18988
2026-07,Colombia,Corporativo,681108.42,6041.88,5418.12,183.29,-1794.39,-3852.94,687104.39,6340,67,36,6371
2026-07,Colombia,Siigo POS,234861.88,5414.83,1921.37,230.22,-264.53,-4831.13,237332.63,10165,281,209,10238
2026-07,Colombia,POS Gastrobar,151153.88,3602.12,1023.32,176.66,-163.17,-3712.27,152080.54,4959,143,122,4980
2026-08,Colombia,Siigo Contador,0.0,0.0,0.0,0.0,-0.0,-0.0,0.0,20900,476,303,21073
2026-08,Colombia,Profesional Independiente,1103585.94,24446.56,9793.11,1167.55,-2295.71,-24507.05,1112190.41,29308,784,651,29441
2026-08,Colombia,Emprendedor,1679909.11,32737.12,15807.55,1324.91,-709.15,-27749.58,1701319.96,32834,766,542,33057
2026-08,Colombia,Premium,1075142.26,14000.93,9673.94,565.47,-1123.54,-11855.55,1086403.51,18988,296,209,19075
2026-08,Colombia,Corporativo,687104.39,6630.61,5970.13,190.25,-2167.45,-3998.33,693729.59,6371,73,37,6407
2026-08,Colombia,Siigo POS,237332.63,5200.12,2713.32,224.11,-320.81,-4688.87,240460.5,10238,269,202,10304
2026-08,Colombia,POS Gastrobar,152080.54,4088.83,1536.97,170.98,-450.06,-3587.62,153839.64,4980,161,117,5023
2024-09,México,Siigo Contador,0.0,0.0,0.0,0.0,0.0,0.0,0.0,7605,0,0,7605
2024-09,México,Profesional Independiente,834582.74,0.0,0.0,0.0,0.0,0.0,834582.74,20438,0,0,20438
2024-09,México,Emprendedor,937490.42,0.0,0.0,0.0,0.0,0.0,937490.42,17518,0,0,17518
2024-09,México,Premium,529011.85,0.0,0.0,0.0,0.0,0.0,529011.85,9099,0,0,9099
2024-09,México,Corporativo,302903.53,0.0,0.0,0.0,0.0,0.0,302903.53,2784,0,0,2784
2024-09,México,Siigo POS,175790.02,0.0,0.0,0.0,0.0,0.0,175790.02,7062,0,0,7062
2024-09,México,POS Gastrobar,113002.44,0.0,0.0,0.0,0.0,0.0,113002.44,3395,0,0,3395
2024-10,México,Siigo Contador,0.0,0.0,0.0,0.0,-0.0,-0.0,0.0,7605,210,96,7719
2024-10,México,Profesional Independiente,834582.74,25749.11,6526.85,883.82,-2877.13,-18596.22,846269.16,20438,754,455,20736
2024-10,México,Emprendedor,937490.42,26133.15,8547.78,746.85,-832.51,-15654.08,956431.61,17518,578,293,17804
2024-10,México,Premium,529011.85,12990.11,5299.9,325.85,-526.46,-6824.56,540276.68,9099,264,117,9245
2024-10,México,Corporativo,302903.53,5898.21,2690.21,86.15,-824.54,-1809.5,308944.06,2784,64,17,2831
2024-10,México,Siigo POS,175790.02,5294.86,1846.05,176.37,-136.71,-3691.3,179279.3,7062,253,148,7166
2024-10,México,POS Gastrobar,113002.44,3865.31,819.9,138.04,-196.56,-2901.17,114727.96,3395,139,87,3447
2024-11,México,Siigo Contador,0.0,0.0,0.0,0.0,-0.0,-0.0,0.0,7719,229,109,7839
2024-11,México,Profesional Independiente,846269.16,24803.95,7764.75,1051.64,-1209.44,-22053.28,856626.78,20736,729,540,20925
2024-11,México,Emprendedor,956431.61,25764.56,8783.86,810.95,-2569.91,-17026.87,972194.19,17804,571,317,18058
2024-11,México,Premium,540276.68,12028.51,5848.27,291.62,-2196.73,-6121.45,550126.9,9245,243,105,9383
2024-11,México,Corporativo,308944.06,5237.8,2690.31,89.15,-810.93,-1872.5,314277.9,2831,56,17,2870
2024-11,México,Siigo POS,179279.3,4920.36,1120.66,173.6,-145.88,-3648.81,181699.23,7166,235,146,7255
2024-11,México,POS Gastrobar,114727.96,3520.72,1178.43,129.32,-217.02,-2710.21,116629.2,3447,126,81,3491
2024-12,México,Siigo Contador,0.0,0.0,0.0,0.0,-0.0,-0.0,0.0,7839,189,113,7915
2024-12,México,Profesional Independiente,856626.78,23856.31,7622.33,1094.86,-1991.13,-22986.25,864222.9,20925,702,561,21066
2024-12,México,Emprendedor,972194.19,23933.4,6402.94,819.78,-1921.65,-17244.74,984183.92,18058,531,320,18269
2024-12,México,Premium,550126.9,10866.04,5381.01,287.58,-1156.67,-6031.06,559473.79,9383,219,103,9500
2024-12,México,Corporativo,314277.9,5425.94,2881.43,110.16,-605.79,-2311.18,319778.45,2870,58,21,2907
2024-12,México,Siigo POS,181699.23,4991.61,2059.59,194.84,-424.77,-4080.71,184439.78,7255,238,163,7330
2024-12,México,POS Gastrobar,116629.2,3374.18,1022.38,148.26,-409.66,-3116.69,117647.68,3491,122,93,3520
2025-01,México,Siigo Contador,0.0,0.0,0.0,0.0,-0.0,-0.0,0.0,7915,302,135,8082
2025-01,México,Profesional Independiente,864222.9,45446.3,58260.32,2385.55,-1947.81,-28954.35,939412.92,21066,1269,706,21630
2025-01,México,Emprendedor,984183.92,41415.55,61789.18,1782.18,-1688.99,-21714.49,1065767.37,18269,877,403,18742
2025-01,México,Premium,559473.79,17843.74,34863.72,704.97,-1333.6,-8598.65,602953.96,9500,345,146,9698
2025-01,México,Corporativo,319778.45,8169.47,21342.39,214.17,-563.4,-2599.86,346341.23,2907,83,24,2967
2025-01,México,Siigo POS,184439.78,7700.6,12247.25,395.04,-515.24,-4801.78,199465.65,7330,351,191,7490
2025-01,México,POS Gastrobar,117647.68,5274.67,7493.66,289.0,-241.26,-3519.27,126944.47,3520,182,105,3596
2025-02,México,Siigo Contador,0.0,0.0,0.0,0.0,-0.0,-0.0,0.0,8082,276,113,8245
2025-02,México,Profesional Independiente,939412.92,29857.48,5758.27,1654.31,-2270.06,-21308.2,953104.72,21630,838,491,21977
2025-02,México,Emprendedor,1065767.37,33270.55,9067.72,1286.15,-2732.64,-16529.45,1090129.69,18742,701,291,19153
2025-02,México,Premium,602953.96,14650.55,5500.35,514.58,-726.03,-6600.39,616293.02,9698,281,106,9873
2025-02,México,Corporativo,346341.23,7049.82,2828.85,156.71,-649.43,-2013.26,353713.93,2967,71,17,3021
2025-02,México,Siigo POS,199465.65,6441.11,2161.54,319.72,-649.04,-4102.34,203636.64,7490,292,154,7629
2025-02,México,POS Gastrobar,126944.47,4661.61,1004.03,231.8,-245.98,-2979.0,129616.93,3596,160,84,3672
2025-03,México,Siigo Contador,0.0,0.0,0.0,0.0,-0.0,-0.0,0.0,8245,248,114,8379
2025-03,México,Profesional Independiente,953104.72,35321.4,9807.25,1636.33,-2238.14,-20988.21,976643.36,21977,981,484,22474
2025-03,México,Emprendedor,1090129.69,28705.85,11242.92,1253.19,-2687.07,-16075.33,1112569.25,19153,606,282,19476
2025-03,México,Premium,616293.02,14351.31,6050.09,500.99,-763.51,-6421.87,630010.05,9873,274,103,10044
2025-03,México,Corporativo,353713.93,6581.43,2315.93,165.99,-530.86,-2135.16,360111.26,3021,67,18,3069
2025-03,México,Siigo POS,203636.64,6493.06,1719.21,308.87,-0.0,-3959.39,208198.38,7629,293,148,7773
2025-03,México,POS Gastrobar,129616.93,4877.04,833.3,238.76,-323.44,-3074.62,132167.97,3672,167,87,3752
2025-04,México,Siigo Contador,0.0,0.0,0.0,0.0,-0.0,-0.0,0.0,8379,231,110,8500
2025-04,México,Profesional Independiente,976643.36,28969.26,9638.54,1669.61,-834.69,-21392.26,994693.83,22474,810,492,22792
2025-04,México,Emprendedor,1112569.25,27954.24,9881.1,1504.1,-3068.39,-19327.0,1129513.29,19476,594,338,19732
2025-04,México,Premium,630010.05,13693.4,6536.99,537.1,-1820.41,-6892.14,642064.97,10044,261,110,10195
2025-04,México,Corporativo,360111.26,6172.87,3095.05,165.65,-229.46,-2124.65,367190.71,3069,62,18,3113
2025-04,México,Siigo POS,208198.38,7008.68,950.72,348.34,-280.55,-4488.92,211736.65,7773,318,168,7923
2025-04,México,POS Gastrobar,132167.97,4637.46,1298.61,251.93,-0.0,-3224.38,135131.6,3752,159,92,3820
2025-05,México,Siigo Contador,0.0,0.0,0.0,0.0,-0.0,-0.0,0.0,8500,224,120,8604
2025-05,México,Profesional Independiente,994693.83,32295.07,8560.91,1123.46,-2579.85,-23599.89,1010493.53,22792,883,541,23135
2025-05,México,Emprendedor,1129513.29,26175.62,9941.08,837.8,-1676.96,-17576.31,1147214.52,19732,544,307,19969
2025-05,México,Premium,642064.97,15642.53,4392.09,347.71,-1889.23,-7319.48,653238.6,10195,294,116,10373
2025-05,México,Corporativo,367190.71,6429.38,2742.4,99.03,-655.74,-2080.99,373724.8,3113,64,18,3159
2025-05,México,Siigo POS,211736.65,6258.49,1702.31,213.95,-334.9,-4492.28,215084.22,7923,279,168,8034
2025-05,México,POS Gastrobar,135131.6,4500.83,1547.21,166.16,-227.66,-3477.5,137640.63,3820,152,98,3873
2025-06,México,Siigo Contador,0.0,0.0,0.0,0.0,-0.0,-0.0,0.0,8604,245,121,8727
2025-06,México,Profesional Independiente,1010493.53,30528.89,7578.88,1049.17,-1726.51,-22044.21,1025879.75,23135,834,505,23464
2025-06,México,Emprendedor,1147214.52,27147.67,11971.74,887.65,-1706.11,-18592.04,1166923.43,19969,561,324,20207
2025-06,México,Premium,653238.6,14145.32,8191.38,358.78,-919.43,-7498.46,667516.18,10373,265,119,10518
2025-06,México,Corporativo,373724.8,6581.56,3442.43,106.98,-1425.43,-2248.6,380181.75,3159,65,19,3206
2025-06,México,Siigo POS,215084.22,6659.99,2016.8,222.3,-623.17,-4667.52,218692.62,8034,296,174,8157
2025-06,México,POS Gastrobar,137640.63,4080.82,935.75,144.81,-180.47,-3043.55,139577.99,3873,137,86,3925
2025-07,México,Siigo Contador,0.0,0.0,0.0,0.0,-0.0,-0.0,0.0,8727,237,113,8851
2025-07,México,Profesional Independiente,1025879.75,30358.09,7704.8,1069.87,-2319.6,-22491.22,1040201.68,23464,830,514,23780
2025-07,México,Emprendedor,1166923.43,28378.67,7770.33,871.73,-1823.48,-18328.55,1183792.12,20207,585,317,20474
2025-07,México,Premium,667516.18,16040.22,6677.73,358.47,-1179.05,-7513.51,681900.04,10518,298,118,10698
2025-07,México,Corporativo,380181.75,6694.26,3270.51,101.22,-1251.62,-2127.73,386868.39,3206,66,18,3254
2025-07,México,Siigo POS,218692.62,6623.33,1614.93,216.01,-628.11,-4544.36,221974.42,8157,295,169,8282
2025-07,México,POS Gastrobar,139577.99,4282.49,1177.57,172.28,-246.93,-3616.6,141346.8,3925,144,102,3968
2025-08,México,Siigo Contador,0.0,0.0,0.0,0.0,-0.0,-0.0,0.0,8851,267,109,9008
2025-08,México,Profesional Independiente,1040201.68,34229.65,6390.94,1228.57,-1475.45,-25840.9,1054734.49,23780,936,591,24125
2025-08,México,Emprendedor,1183792.12,32763.68,13799.77,875.53,-2107.6,-18321.38,1210802.11,20474,669,317,20826
2025-08,México,Premium,681900.04,13976.18,5190.66,351.71,-1521.52,-7392.91,692504.17,10698,260,116,10841
2025-08,México,Corporativo,386868.39,6594.35,3184.87,106.54,-1301.43,-2240.58,393212.14,3254,65,19,3300
2025-08,México,Siigo POS,221974.42,6208.17,2098.55,218.11,-220.84,-4570.63,225707.79,8282,276,171,8387
2025-08,México,POS Gastrobar,141346.8,4332.58,1453.4,155.81,-442.82,-3269.39,143576.38,3968,145,92,4021
2025-09,México,Siigo Contador,0.0,0.0,0.0,0.0,-0.0,-0.0,0.0,9008,266,114,9161
2025-09,México,Profesional Independiente,1054734.49,38920.32,12751.94,1264.47,-2122.78,-26454.98,1079093.44,24125,1056,605,24576
2025-09,México,Emprendedor,1210802.11,31176.23,11782.79,950.82,-3109.94,-19950.44,1231651.57,20826,637,343,21120
2025-09,México,Premium,692504.17,16159.67,7861.99,399.04,-1566.5,-8356.79,707001.58,10841,298,131,11009
2025-09,México,Corporativo,393212.14,7462.74,2237.06,105.77,-1487.45,-2230.93,399299.32,3300,74,19,3355
2025-09,México,Siigo POS,225707.79,6156.88,1834.93,208.93,-509.95,-4389.55,229009.03,8387,273,163,8497
2025-09,México,POS Gastrobar,143576.38,4962.88,1256.07,160.05,-188.72,-3357.43,146409.25,4021,165,94,4092
2025-10,México,Siigo Contador,0.0,0.0,0.0,0.0,-0.0,-0.0,0.0,9161,239,110,9290
2025-10,México,Profesional Independiente,1079093.44,33168.28,8947.46,1127.31,-2941.0,-23691.3,1095704.19,24576,902,540,24938
2025-10,México,Emprendedor,1231651.57,33431.34,13893.36,997.18,-3873.97,-20903.15,1255196.34,21120,680,358,21442
2025-10,México,Premium,707001.58,16306.88,6006.44,369.16,-1075.62,-7747.29,720861.16,11009,299,121,11188
2025-10,México,Corporativo,399299.32,6871.33,4266.88,119.05,-556.58,-2492.68,407507.32,3355,68,21,3402
2025-10,México,Siigo POS,229009.03,6405.29,2018.51,231.6,-341.22,-4858.78,232464.43,8497,284,180,8601
2025-10,México,POS Gastrobar,146409.25,5140.12,1444.29,173.2,-191.21,-3629.13,149346.51,4092,171,101,4162
2025-11,México,Siigo Contador,0.0,0.0,0.0,0.0,-0.0,-0.0,0.0,9290,207,112,9386
2025-11,México,Profesional Independiente,1095704.19,34386.26,7496.34,1173.76,-3031.61,-24704.17,1111024.78,24938,936,562,25312
2025-11,México,Emprendedor,1255196.34,28665.99,9075.99,980.23,-2476.8,-20606.65,1270835.1,21442,585,352,21674
2025-11,México,Premium,720861.16,15754.01,6003.43,377.76,-1319.76,-7931.6,733745.0,11188,289,123,11353
2025-11,México,Corporativo,407507.32,6875.62,3371.68,112.08,-549.25,-2352.24,414965.21,3402,67,20,3450
2025-11,México,Siigo POS,232464.43,6032.6,2070.04,217.33,-381.91,-4559.68,235842.81,8601,266,169,8698
2025-11,México,POS Gastrobar,149346.51,4551.55,1578.9,173.69,-263.9,-3638.54,151748.22,4162,151,101,4212
2025-12,México,Siigo Contador,0.0,0.0,0.0,0.0,-0.0,-0.0,0.0,9386,254,133,9506
2025-12,México,Profesional Independiente,1111024.78,37626.99,9690.55,1484.57,-2871.64,-31181.65,1125773.61,25312,1028,710,25629
2025-12,México,Emprendedor,1270835.1,27812.25,11329.98,1152.55,-3938.37,-24215.57,1282975.94,21674,570,413,21831
2025-12,México,Premium,733745.0,14573.64,8289.83,438.58,-2292.95,-9193.25,745560.85,11353,267,142,11479
2025-12,México,Corporativo,414965.21,5620.23,3951.65,134.45,-737.28,-2819.44,421114.82,3450,55,23,3481
2025-12,México,Siigo POS,235842.81,6383.89,2372.12,271.94,-60.02,-5690.95,239119.78,8698,282,210,8770
2025-12,México,POS Gastrobar,151748.22,4597.96,973.04,194.68,-346.42,-4097.18,153070.31,4212,154,114,4252
2026-01,México,Siigo Contador,0.0,0.0,0.0,0.0,-0.0,-0.0,0.0,9506,399,161,9744
2026-01,México,Profesional Independiente,1125773.61,53824.06,69058.42,2846.83,-3373.41,-34775.49,1213354.02,25629,1414,792,26251
2026-01,México,Emprendedor,1282975.94,51963.38,82745.93,2061.7,-1317.38,-25063.41,1393366.16,21831,1003,426,22408
2026-01,México,Premium,745560.85,22685.11,46528.42,867.0,-1814.97,-10574.59,803251.82,11479,397,163,11713
2026-01,México,Corporativo,421114.82,10859.75,26717.1,255.27,-1040.82,-3110.54,454795.57,3481,101,26,3556
2026-01,México,Siigo POS,239119.78,8897.63,14944.9,500.09,-781.68,-6103.79,256576.93,8770,377,224,8924
2026-01,México,POS Gastrobar,153070.31,7938.79,10011.29,387.81,-323.82,-4715.23,166369.14,4252,252,131,4373
2026-02,México,Siigo Contador,0.0,0.0,0.0,0.0,-0.0,-0.0,0.0,9744,370,136,9977
2026-02,México,Profesional Independiente,1213354.02,41452.99,11619.61,2314.09,-2981.85,-29705.64,1236053.21,26251,1090,643,26698
2026-02,México,Emprendedor,1393366.16,42452.39,12632.92,1778.06,-2921.67,-22828.08,1424479.78,22408,820,367,22860
2026-02,México,Premium,803251.82,18477.45,7274.34,691.53,-1391.3,-8875.21,819428.62,11713,322,129,11905
2026-02,México,Corporativo,454795.57,9243.62,3007.01,206.67,-1434.52,-2662.73,463155.62,3556,86,21,3621
2026-02,México,Siigo POS,256576.93,8422.54,1468.71,396.38,-616.35,-5107.54,261140.67,8924,355,178,9101
2026-02,México,POS Gastrobar,166369.14,6330.85,637.67,305.97,-415.46,-3950.35,169277.83,4373,202,104,4471
2026-03,México,Siigo Contador,0.0,0.0,0.0,0.0,-0.0,-0.0,0.0,9977,307,130,10155
2026-03,México,Profesional Independiente,1236053.21,48549.57,11238.85,2290.35,-2450.28,-29401.19,1266280.52,26698,1265,635,27328
2026-03,México,Emprendedor,1424479.78,41630.64,9275.59,1805.94,-4110.5,-23263.26,1449818.19,22860,806,373,23293
2026-03,México,Premium,819428.62,22243.45,5805.68,775.53,-977.63,-9967.52,837308.12,11905,386,145,12147
2026-03,México,Corporativo,463155.62,8844.64,4905.41,215.64,-1058.4,-2764.91,473298.0,3621,82,22,3681
2026-03,México,Siigo POS,261140.67,8026.77,1762.61,455.24,-295.39,-5852.56,265237.34,9101,341,204,9238
2026-03,México,POS Gastrobar,169277.83,5814.53,1409.75,303.42,-419.94,-3899.93,172485.66,4471,186,103,4555
2026-04,México,Siigo Contador,0.0,0.0,0.0,0.0,-0.0,-0.0,0.0,10155,313,141,10327
2026-04,México,Profesional Independiente,1266280.52,45366.49,11522.59,2412.84,-2975.82,-30984.71,1291621.91,27328,1188,669,27847
2026-04,México,Emprendedor,1449818.19,40485.55,13565.81,1832.36,-1560.88,-23494.65,1480646.38,23293,782,377,23697
2026-04,México,Premium,837308.12,17544.91,5825.41,640.64,-1294.48,-8237.79,851786.82,12147,305,120,12332
2026-04,México,Corporativo,473298.0,8722.75,4214.42,226.96,-1249.92,-2915.95,482296.25,3681,80,23,3738
2026-04,México,Siigo POS,265237.34,7850.88,3187.03,423.79,-699.84,-5428.02,270571.19,9238,331,189,9380
2026-04,México,POS Gastrobar,172485.66,5400.19,1150.39,345.15,-452.22,-4444.23,174484.95,4555,175,117,4612
2026-05,México,Siigo Contador,0.0,0.0,0.0,0.0,-0.0,-0.0,0.0,10327,253,132,10448
2026-05,México,Profesional Independiente,1291621.91,41784.19,8026.61,1406.46,-2423.33,-29593.85,1310821.98,27847,1076,638,28285
2026-05,México,Emprendedor,1480646.38,37966.56,12980.8,1050.83,-4501.93,-22080.43,1506062.21,23697,721,353,24065
2026-05,México,Premium,851786.82,22060.6,7464.23,498.26,-2112.73,-10463.93,869233.26,12332,377,151,12557
2026-05,México,Corporativo,482296.25,8785.76,4297.51,140.4,-616.82,-2944.56,491958.54,3738,80,23,3795
2026-05,México,Siigo POS,270571.19,7263.64,2017.96,259.99,-429.35,-5462.25,274221.17,9380,301,189,9491
2026-05,México,POS Gastrobar,174484.95,5343.73,747.82,203.87,-533.8,-4302.98,175943.58,4612,170,114,4669
2026-06,México,Siigo Contador,0.0,0.0,0.0,0.0,-0.0,-0.0,0.0,10448,273,149,10572
2026-06,México,Profesional Independiente,1310821.98,38762.72,11300.81,1387.83,-3737.29,-29160.29,1329375.75,28285,1000,629,28656
2026-06,México,Emprendedor,1506062.21,38226.25,13165.31,1142.78,-4256.52,-24007.98,1530332.05,24065,726,384,24407
2026-06,México,Premium,869233.26,19062.03,6825.33,461.42,-2061.01,-9697.81,883823.21,12557,326,140,12743
2026-06,México,Corporativo,491958.54,8997.81,5577.01,125.97,-1497.87,-2640.16,502521.29,3795,81,20,3856
2026-06,México,Siigo POS,274221.17,6926.51,2412.15,261.87,-725.61,-5500.3,277595.79,9491,287,190,9588
2026-06,México,POS Gastrobar,175943.58,5501.87,1638.83,216.19,-156.23,-4530.54,178613.7,4669,175,120,4723
2026-07,México,Siigo Contador,0.0,0.0,0.0,0.0,-0.0,-0.0,0.0,10572,302,141,10733
2026-07,México,Profesional Independiente,1329375.75,35556.26,14416.3,1419.28,-1008.29,-29693.72,1350065.59,28656,916,640,28931
2026-07,México,Emprendedor,1530332.05,38082.26,10794.54,1151.78,-3924.74,-24231.45,1552204.45,24407,723,386,24744
2026-07,México,Premium,883823.21,17831.09,8988.98,484.14,-2810.18,-10160.26,898156.98,12743,304,146,12901
2026-07,México,Corporativo,502521.29,7974.02,4068.12,131.98,-642.38,-2770.13,511282.91,3856,72,21,3907
2026-07,México,Siigo POS,277595.79,8032.09,1644.18,287.84,-687.68,-6061.93,280810.3,9588,332,209,9711
2026-07,México,POS Gastrobar,178613.7,5444.78,1479.63,196.06,-386.62,-4118.12,181229.43,4723,172,109,4786
2026-08,México,Siigo Contador,0.0,0.0,0.0,0.0,-0.0,-0.0,0.0,10733,332,140,10925
2026-08,México,Profesional Independiente,1350065.59,48120.74,15042.14,1537.85,-3282.77,-32218.26,1379265.3,28931,1225,690,29465
2026-08,México,Emprendedor,1552204.45,37857.39,12332.93,1129.19,-4535.94,-23743.62,1575244.41,24744,718,379,25083
2026-08,México,Premium,898156.98,19795.6,7986.91,463.47,-1532.07,-9724.4,915146.48,12901,336,140,13096
2026-08,México,Corporativo,511282.91,8895.45,4620.48,141.84,-1090.47,-2976.98,520873.23,3907,80,23,3964
2026-08,México,Siigo POS,280810.3,8245.14,2743.41,258.55,-307.84,-5416.79,286332.77,9711,338,187,9862
2026-08,México,POS Gastrobar,181229.43,5988.46,1101.17,201.65,-291.16,-4242.48,183987.06,4786,189,112,4863
2024-09,Ecuador,Siigo Contador,0.0,0.0,0.0,0.0,0.0,0.0,0.0,4559,0,0,4559
2024-09,Ecuador,Profesional Independiente,272231.8,0.0,0.0,0.0,0.0,0.0,272231.8,7485,0,0,7485
2024-09,Ecuador,Emprendedor,397874.5,0.0,0.0,0.0,0.0,0.0,397874.5,8348,0,0,8348
2024-09,Ecuador,Premium,267978.26,0.0,0.0,0.0,0.0,0.0,267978.26,5175,0,0,5175
2024-09,Ecuador,Corporativo,173132.32,0.0,0.0,0.0,0.0,0.0,173132.32,1787,0,0,1787
2024-09,Ecuador,Siigo POS,51904.4,0.0,0.0,0.0,0.0,0.0,51904.4,2341,0,0,2341
2024-09,Ecuador,POS Gastrobar,32873.81,0.0,0.0,0.0,0.0,0.0,32873.81,1109,0,0,1109
2024-10,Ecuador,Siigo Contador,0.0,0.0,0.0,0.0,-0.0,-0.0,0.0,4559,116,65,4610
2024-10,Ecuador,Profesional Independiente,272231.8,6321.47,1965.26,290.15,-544.68,-6099.78,274164.22,7485,210,168,7527
2024-10,Ecuador,Emprendedor,397874.5,8069.19,3802.04,278.54,-708.67,-5840.92,403474.69,8348,202,123,8427
2024-10,Ecuador,Premium,267978.26,4617.43,2200.32,137.1,-730.18,-2881.52,271321.41,5175,106,56,5225
2024-10,Ecuador,Corporativo,173132.32,2270.32,1799.14,48.33,-178.93,-1011.96,176059.22,1787,28,10,1804
2024-10,Ecuador,Siigo POS,51904.4,1521.84,411.42,52.04,-55.01,-1092.34,52742.34,2341,82,49,2374
2024-10,Ecuador,POS Gastrobar,32873.81,908.62,293.66,37.4,-72.56,-785.12,33255.81,1109,37,26,1119
2024-11,Ecuador,Siigo Contador,0.0,0.0,0.0,0.0,-0.0,-0.0,0.0,4610,92,63,4638
2024-11,Ecuador,Profesional Independiente,274164.22,7439.22,2435.58,304.96,-830.09,-6407.22,277106.68,7527,245,176,7597
2024-11,Ecuador,Emprendedor,403474.69,8032.29,3585.28,341.09,-611.01,-7155.5,407666.85,8427,201,149,8479
2024-11,Ecuador,Premium,271321.41,4718.9,1448.57,150.28,-156.92,-3160.77,274321.48,5225,108,61,5273
2024-11,Ecuador,Corporativo,176059.22,2295.76,1617.64,49.84,-438.5,-1046.2,178537.76,1804,28,11,1821
2024-11,Ecuador,Siigo POS,52742.34,1251.84,409.63,52.06,-121.03,-1094.2,53240.64,2374,68,49,2392
2024-11,Ecuador,POS Gastrobar,33255.81,891.87,313.35,42.5,-83.01,-891.98,33528.53,1119,36,30,1125
2024-12,Ecuador,Siigo Contador,0.0,0.0,0.0,0.0,-0.0,-0.0,0.0,4638,90,68,4661
2024-12,Ecuador,Profesional Independiente,277106.68,6936.5,2411.7,354.09,-701.31,-7436.89,278670.77,7597,230,204,7623
2024-12,Ecuador,Emprendedor,407666.85,7330.62,2804.19,342.19,-546.64,-7191.59,410405.61,8479,184,150,8514
2024-12,Ecuador,Premium,274321.48,4501.18,3096.27,171.33,-668.01,-3588.86,277833.39,5273,103,69,5307
2024-12,Ecuador,Corporativo,178537.76,2005.3,2134.42,57.87,-217.1,-1209.99,181308.26,1821,24,12,1833
2024-12,Ecuador,Siigo POS,53240.64,1170.94,303.32,59.89,-156.02,-1262.05,53356.71,2392,64,57,2399
2024-12,Ecuador,POS Gastrobar,33528.53,828.34,225.14,44.49,-104.45,-936.84,33585.22,1125,34,31,1128
2025-01,Ecuador,Siigo Contador,0.0,0.0,0.0,0.0,-0.0,-0.0,0.0,4661,135,74,4722
2025-01,Ecuador,Profesional Independiente,278670.77,12746.99,17888.01,716.47,-789.26,-8727.17,300505.8,7623,402,239,7787
2025-01,Ecuador,Emprendedor,410405.61,13164.66,25562.37,695.04,-1021.29,-8478.66,440327.74,8514,315,176,8652
2025-01,Ecuador,Premium,277833.39,7215.02,18204.09,339.99,-374.25,-4130.38,299087.85,5307,157,79,5386
2025-01,Ecuador,Corporativo,181308.26,3504.03,11717.53,119.77,-524.51,-1458.37,194666.7,1833,40,15,1858
2025-01,Ecuador,Siigo POS,53356.71,1825.92,3383.38,116.29,-143.2,-1417.33,57121.77,2399,95,64,2431
2025-01,Ecuador,POS Gastrobar,33585.22,1533.05,2161.92,86.68,-92.95,-1055.59,36218.32,1128,59,35,1152
2025-02,Ecuador,Siigo Contador,0.0,0.0,0.0,0.0,-0.0,-0.0,0.0,4722,108,58,4772
2025-02,Ecuador,Profesional Independiente,300505.8,9292.06,2642.78,587.81,-711.91,-7550.84,304765.71,7787,295,196,7886
2025-02,Ecuador,Emprendedor,440327.74,10519.58,3699.18,497.87,-801.53,-6394.47,447848.36,8652,249,126,8776
2025-02,Ecuador,Premium,299087.85,5390.96,3284.18,250.18,-692.41,-3206.62,304114.14,5386,117,58,5445
2025-02,Ecuador,Corporativo,194666.7,2618.21,1571.96,92.1,-632.61,-1185.0,197131.36,1858,30,11,1876
2025-02,Ecuador,Siigo POS,57121.77,1412.75,500.84,96.55,-145.74,-1240.55,57745.63,2431,74,53,2452
2025-02,Ecuador,POS Gastrobar,36218.32,1212.84,369.04,65.34,-96.51,-838.42,36930.61,1152,47,27,1172
2025-03,Ecuador,Siigo Contador,0.0,0.0,0.0,0.0,-0.0,-0.0,0.0,4772,118,58,4832
2025-03,Ecuador,Profesional Independiente,304765.71,8416.15,2423.27,504.27,-505.27,-6478.51,309125.62,7886,266,168,7984
2025-03,Ecuador,Emprendedor,447848.36,10412.99,3955.88,584.98,-677.56,-7507.81,454616.84,8776,248,147,8877
2025-03,Ecuador,Premium,304114.14,5265.17,3750.18,259.71,-818.18,-3325.54,309245.48,5445,114,60,5499
2025-03,Ecuador,Corporativo,197131.36,2677.74,1742.83,92.12,-179.54,-1181.58,200282.93,1876,30,11,1896
2025-03,Ecuador,Siigo POS,57745.63,1686.19,610.54,87.7,-137.02,-1124.54,58868.49,2452,87,48,2491
2025-03,Ecuador,POS Gastrobar,36930.61,1110.49,361.89,69.35,-63.05,-889.4,37519.89,1172,43,28,1187
2025-04,Ecuador,Siigo Contador,0.0,0.0,0.0,0.0,-0.0,-0.0,0.0,4832,100,57,4875
2025-04,Ecuador,Profesional Independiente,309125.62,7930.34,3205.07,578.86,-471.71,-7418.08,312950.11,7984,252,192,8045
2025-04,Ecuador,Emprendedor,454616.84,8951.51,3576.61,558.3,-1553.03,-7185.83,458964.39,8877,214,140,8951
2025-04,Ecuador,Premium,309245.48,4971.97,2068.58,271.24,-937.86,-3493.9,312125.51,5499,108,62,5544
2025-04,Ecuador,Corporativo,200282.93,2794.8,1662.8,96.73,-241.94,-1241.68,203353.63,1896,32,12,1915
2025-04,Ecuador,Siigo POS,58868.49,1179.99,552.7,89.83,-89.07,-1152.31,59449.63,2491,62,49,2504
2025-04,Ecuador,POS Gastrobar,37519.89,946.08,257.98,65.28,-2.89,-838.31,37948.02,1187,37,27,1197
2025-05,Ecuador,Siigo Contador,0.0,0.0,0.0,0.0,-0.0,-0.0,0.0,4875,105,63,4916
2025-05,Ecuador,Profesional Independiente,312950.11,7572.98,2166.94,353.42,-361.39,-7425.95,315256.12,8045,235,191,8089
2025-05,Ecuador,Emprendedor,458964.39,9710.29,3115.94,342.67,-1746.62,-7220.09,463166.59,8951,227,141,9037
2025-05,Ecuador,Premium,312125.51,5071.96,3184.0,162.34,-1197.62,-3408.94,315937.25,5544,107,61,5591
2025-05,Ecuador,Corporativo,203353.63,2588.1,2411.64,52.68,-254.6,-1101.64,207049.8,1915,29,10,1934
2025-05,Ecuador,Siigo POS,59449.63,1336.48,478.66,55.96,-71.24,-1174.51,60074.98,2504,68,49,2522
2025-05,Ecuador,POS Gastrobar,37948.02,1072.96,377.19,45.99,-81.63,-964.35,38398.17,1197,41,30,1207
2025-06,Ecuador,Siigo Contador,0.0,0.0,0.0,0.0,-0.0,-0.0,0.0,4916,105,65,4957
2025-06,Ecuador,Profesional Independiente,315256.12,7894.37,3361.1,358.54,-752.11,-7514.64,318603.38,8089,244,193,8140
2025-06,Ecuador,Emprendedor,463166.59,9735.33,4388.02,371.54,-940.42,-7793.58,468927.48,9037,227,152,9112
2025-06,Ecuador,Premium,315937.25,5639.59,3126.3,172.61,-723.58,-3620.21,320531.96,5591,119,64,5646
2025-06,Ecuador,Corporativo,207049.8,2567.89,1329.21,54.61,-343.81,-1148.53,209509.17,1934,28,11,1951
2025-06,Ecuador,Siigo POS,60074.98,1315.24,451.36,54.46,-142.05,-1145.06,60608.95,2522,66,48,2541
2025-06,Ecuador,POS Gastrobar,38398.17,1010.11,467.72,45.49,-87.69,-951.92,38881.88,1207,38,30,1215
2025-07,Ecuador,Siigo Contador,0.0,0.0,0.0,0.0,-0.0,-0.0,0.0,4957,119,67,5009
2025-07,Ecuador,Profesional Independiente,318603.38,8845.92,2733.89,372.38,-480.12,-7814.21,322261.25,8140,271,200,8212
2025-07,Ecuador,Emprendedor,468927.48,9451.25,4951.64,378.23,-938.29,-7925.21,474845.09,9112,220,154,9178
2025-07,Ecuador,Premium,320531.96,5215.52,2829.91,182.99,-525.53,-3839.46,324395.39,5646,110,68,5687
2025-07,Ecuador,Corporativo,209509.17,2431.21,1426.27,61.56,-529.38,-1295.35,211603.47,1951,27,12,1966
2025-07,Ecuador,Siigo POS,60608.95,1534.88,676.87,57.47,-130.65,-1203.63,61543.89,2541,77,50,2567
2025-07,Ecuador,POS Gastrobar,38881.88,1109.47,271.23,45.79,-55.15,-962.36,39290.86,1215,42,30,1227
2025-08,Ecuador,Siigo Contador,0.0,0.0,0.0,0.0,-0.0,-0.0,0.0,5009,119,64,5063
2025-08,Ecuador,Profesional Independiente,322261.25,8679.2,3744.09,321.35,-496.66,-6723.18,327786.04,8212,264,171,8304
2025-08,Ecuador,Emprendedor,474845.09,9142.6,4364.59,334.88,-930.13,-7026.08,480730.95,9178,211,136,9253
2025-08,Ecuador,Premium,324395.39,5465.63,2588.21,178.96,-208.68,-3754.39,328665.12,5687,114,66,5736
2025-08,Ecuador,Corporativo,211603.47,2773.88,2624.96,59.93,-449.45,-1253.51,215359.29,1966,30,12,1985
2025-08,Ecuador,Siigo POS,61543.89,1675.09,518.44,60.26,-215.06,-1267.23,62315.4,2567,84,53,2598
2025-08,Ecuador,POS Gastrobar,39290.86,1150.68,337.23,43.53,-65.22,-913.68,39843.41,1227,43,29,1241
2025-09,Ecuador,Siigo Contador,0.0,0.0,0.0,0.0,-0.0,-0.0,0.0,5063,113,68,5108
2025-09,Ecuador,Profesional Independiente,327786.04,9499.43,2618.78,374.34,-803.78,-7867.24,331607.57,8304,289,199,8393
2025-09,Ecuador,Emprendedor,480730.95,9479.95,3630.13,358.11,-521.48,-7519.3,486158.37,9253,218,145,9327
2025-09,Ecuador,Premium,328665.12,6207.33,2661.55,175.15,-492.8,-3677.07,333539.27,5736,128,64,5800
2025-09,Ecuador,Corporativo,215359.29,2623.8,1760.1,55.84,-498.71,-1173.1,218127.21,1985,29,11,2002
2025-09,Ecuador,Siigo POS,62315.4,1438.82,736.43,65.87,-127.67,-1378.57,63050.29,2598,72,57,2612
2025-09,Ecuador,POS Gastrobar,39843.41,1045.09,313.75,45.9,-79.29,-964.28,40204.57,1241,39,30,1251
2025-10,Ecuador,Siigo Contador,0.0,0.0,0.0,0.0,-0.0,-0.0,0.0,5108,118,69,5157
2025-10,Ecuador,Profesional Independiente,331607.57,8656.14,2451.55,365.76,-790.34,-7690.98,334599.7,8393,264,195,8462
2025-10,Ecuador,Emprendedor,486158.37,10690.73,4510.32,386.98,-860.54,-8117.09,492768.77,9327,245,156,9416
2025-10,Ecuador,Premium,333539.27,6901.28,3792.73,187.92,-281.37,-3929.82,340210.01,5800,142,68,5873
2025-10,Ecuador,Corporativo,218127.21,2907.63,1795.07,63.77,-306.06,-1338.45,221249.17,2002,31,12,2021
2025-10,Ecuador,Siigo POS,63050.29,1645.51,512.43,62.73,-150.58,-1318.03,63802.34,2612,82,55,2639
2025-10,Ecuador,POS Gastrobar,40204.57,1161.81,395.63,46.24,-104.48,-970.06,40733.7,1251,43,30,1264
2025-11,Ecuador,Siigo Contador,0.0,0.0,0.0,0.0,-0.0,-0.0,0.0,5157,112,65,5204
2025-11,Ecuador,Profesional Independiente,334599.7,8767.82,2677.0,393.02,-611.26,-8254.58,337571.68,8462,267,209,8520
2025-11,Ecuador,Emprendedor,492768.77,8871.5,4248.31,376.03,-1221.66,-7898.11,497144.84,9416,204,151,9469
2025-11,Ecuador,Premium,340210.01,5759.68,2957.91,187.78,-415.49,-3938.94,344760.95,5873,118,68,5924
2025-11,Ecuador,Corporativo,221249.17,2812.39,2124.23,63.78,-555.6,-1338.33,224355.64,2021,30,12,2039
2025-11,Ecuador,Siigo POS,63802.34,1531.78,806.95,60.61,-83.54,-1266.41,64851.72,2639,76,52,2662
2025-11,Ecuador,POS Gastrobar,40733.7,1252.44,425.64,49.33,-60.59,-1033.26,41367.25,1264,46,32,1278
2025-12,Ecuador,Siigo Contador,0.0,0.0,0.0,0.0,-0.0,-0.0,0.0,5204,115,82,5238
2025-12,Ecuador,Profesional Independiente,337571.68,8763.54,3520.05,432.98,-691.72,-9074.12,340522.43,8520,267,229,8558
2025-12,Ecuador,Emprendedor,497144.84,9207.95,3935.21,432.39,-410.68,-9073.29,501236.42,9469,211,173,9507
2025-12,Ecuador,Premium,344760.95,5518.58,2790.33,207.76,-806.59,-4365.51,348105.52,5924,114,75,5962
2025-12,Ecuador,Corporativo,224355.64,2428.9,2495.38,75.74,-561.75,-1586.81,227207.09,2039,26,14,2051
2025-12,Ecuador,Siigo POS,64851.72,1422.57,606.36,70.42,-134.84,-1477.32,65338.91,2662,71,61,2672
2025-12,Ecuador,POS Gastrobar,41367.25,1208.87,276.96,54.77,-70.21,-1151.65,41685.99,1278,45,36,1288
2026-01,Ecuador,Siigo Contador,0.0,0.0,0.0,0.0,-0.0,-0.0,0.0,5238,177,85,5330
2026-01,Ecuador,Profesional Independiente,340522.43,13209.5,22357.66,837.63,-873.13,-10186.42,365867.67,8558,385,256,8687
2026-01,Ecuador,Emprendedor,501236.42,15502.41,32071.25,860.02,-949.74,-10468.51,538251.86,9507,339,199,9648
2026-01,Ecuador,Premium,348105.52,9447.08,22181.9,428.18,-833.26,-5215.79,374113.64,5962,185,89,6058
2026-01,Ecuador,Corporativo,227207.09,4434.69,14795.06,158.05,-631.74,-1923.4,244039.76,2051,45,17,2079
2026-01,Ecuador,Siigo POS,65338.91,2275.65,4227.57,135.56,-141.64,-1649.36,70186.68,2672,108,67,2712
2026-01,Ecuador,POS Gastrobar,41685.99,1923.54,2696.03,111.98,-61.64,-1361.64,44994.26,1288,69,42,1314
2026-02,Ecuador,Siigo Contador,0.0,0.0,0.0,0.0,-0.0,-0.0,0.0,5330,131,70,5391
2026-02,Ecuador,Profesional Independiente,365867.67,10549.54,2458.98,631.91,-980.87,-8136.59,370390.63,8687,307,193,8801
2026-02,Ecuador,Emprendedor,538251.86,12044.05,6408.57,605.62,-818.73,-7749.15,548742.21,9648,260,139,9769
2026-02,Ecuador,Premium,374113.64,6692.63,3112.64,328.86,-1023.75,-4227.94,378996.07,6058,131,68,6120
2026-02,Ecuador,Corporativo,244039.76,3625.37,2041.35,118.58,-468.15,-1523.15,247833.75,2079,37,13,2103
2026-02,Ecuador,Siigo POS,70186.68,1703.03,504.54,104.2,-138.07,-1340.18,71020.2,2712,81,52,2741
2026-02,Ecuador,POS Gastrobar,44994.26,1609.25,443.17,88.72,-53.4,-1137.13,45944.87,1314,57,33,1338
2026-03,Ecuador,Siigo Contador,0.0,0.0,0.0,0.0,-0.0,-0.0,0.0,5391,119,61,5449
2026-03,Ecuador,Profesional Independiente,370390.63,10133.24,3337.07,595.28,-976.23,-7647.2,375832.79,8801,294,182,8913
2026-03,Ecuador,Emprendedor,548742.21,13228.07,4766.54,652.9,-851.26,-8381.03,558157.43,9769,285,149,9904
2026-03,Ecuador,Premium,378996.07,6400.0,2918.09,321.19,-594.66,-4127.06,383913.63,6120,125,67,6179
2026-03,Ecuador,Corporativo,247833.75,3587.52,2265.39,109.52,-379.69,-1405.19,252011.29,2103,36,12,2127
2026-03,Ecuador,Siigo POS,71020.2,1942.26,462.09,115.35,-113.03,-1483.95,71942.92,2741,92,57,2776
2026-03,Ecuador,POS Gastrobar,45944.87,1368.08,375.71,97.16,-163.95,-1250.41,46371.47,1338,49,36,1351
2026-04,Ecuador,Siigo Contador,0.0,0.0,0.0,0.0,-0.0,-0.0,0.0,5449,129,75,5503
2026-04,Ecuador,Profesional Independiente,375832.79,11471.83,3728.2,703.87,-737.48,-9027.95,381971.25,8913,332,214,9030
2026-04,Ecuador,Emprendedor,558157.43,12727.22,4164.94,699.04,-1470.16,-8993.88,565284.59,9904,275,160,10020
2026-04,Ecuador,Premium,383913.63,6219.95,3879.26,337.13,-221.05,-4317.39,389811.53,6179,121,69,6230
2026-04,Ecuador,Corporativo,252011.29,3350.43,1485.52,104.7,-458.37,-1348.06,255145.51,2127,34,11,2150
2026-04,Ecuador,Siigo POS,71942.92,1700.29,596.83,115.25,-107.34,-1479.87,72768.08,2776,81,57,2799
2026-04,Ecuador,POS Gastrobar,46371.47,1262.38,432.6,81.51,-76.84,-1045.71,47025.4,1351,45,30,1365
2026-05,Ecuador,Siigo Contador,0.0,0.0,0.0,0.0,-0.0,-0.0,0.0,5503,124,71,5555
2026-05,Ecuador,Profesional Independiente,381971.25,7869.33,3454.0,396.66,-770.18,-8324.0,384597.06,9030,225,197,9059
2026-05,Ecuador,Emprendedor,565284.59,12198.1,5694.63,456.69,-1438.25,-9578.87,572616.89,10020,258,170,10108
2026-05,Ecuador,Premium,389811.53,6813.44,4543.04,215.82,-759.76,-4517.03,396107.04,6230,129,72,6287
2026-05,Ecuador,Corporativo,255145.51,3334.65,2440.87,71.67,-378.71,-1502.38,259111.59,2150,33,13,2170
2026-05,Ecuador,Siigo POS,72768.08,1945.99,623.38,73.72,-207.28,-1549.05,73654.83,2799,90,60,2829
2026-05,Ecuador,POS Gastrobar,47025.4,1258.18,533.03,53.63,-117.73,-1123.34,47629.18,1365,44,33,1376
2026-06,Ecuador,Siigo Contador,0.0,0.0,0.0,0.0,-0.0,-0.0,0.0,5555,131,72,5614
2026-06,Ecuador,Profesional Independiente,384597.06,9078.39,3137.09,444.29,-427.45,-9323.46,387505.93,9059,258,220,9097
2026-06,Ecuador,Emprendedor,572616.89,10427.26,4462.16,428.78,-596.26,-9000.54,578338.29,10108,221,159,10170
2026-06,Ecuador,Premium,396107.04,6354.73,1797.59,212.44,-389.56,-4473.63,399608.61,6287,121,71,6337
2026-06,Ecuador,Corporativo,259111.59,3305.25,2609.34,77.79,-460.33,-1630.48,263013.17,2170,33,14,2189
2026-06,Ecuador,Siigo POS,73654.83,1940.95,696.47,79.92,-77.17,-1674.85,74620.16,2829,89,64,2854
2026-06,Ecuador,POS Gastrobar,47629.18,1162.24,288.62,56.36,-72.73,-1185.72,47877.96,1376,41,34,1383
2026-07,Ecuador,Siigo Contador,0.0,0.0,0.0,0.0,-0.0,-0.0,0.0,5614,117,74,5658
2026-07,Ecuador,Profesional Independiente,387505.93,9865.53,3805.38,426.36,-577.98,-8935.64,392089.57,9097,278,210,9166
2026-07,Ecuador,Emprendedor,578338.29,11130.92,4926.25,427.84,-1194.61,-8983.37,584645.33,10170,234,158,10246
2026-07,Ecuador,Premium,399608.61,5948.02,2995.37,206.8,-885.83,-4347.36,403525.62,6337,113,69,6381
2026-07,Ecuador,Corporativo,263013.17,3044.21,2382.82,66.92,-411.18,-1403.62,266692.32,2189,30,12,2207
2026-07,Ecuador,Siigo POS,74620.16,1936.23,501.11,72.55,-193.69,-1526.89,75409.47,2854,89,58,2885
2026-07,Ecuador,POS Gastrobar,47877.96,1189.53,500.38,53.93,-82.06,-1129.86,48409.87,1383,41,33,1392
2026-08,Ecuador,Siigo Contador,0.0,0.0,0.0,0.0,-0.0,-0.0,0.0,5658,140,76,5721
2026-08,Ecuador,Profesional Independiente,392089.57,11477.4,2207.02,466.33,-1319.64,-9832.49,395088.2,9166,323,230,9259
2026-08,Ecuador,Emprendedor,584645.33,11123.99,4003.02,403.43,-1430.17,-8488.32,590257.28,10246,233,149,10331
2026-08,Ecuador,Premium,403525.62,7456.39,2966.36,205.59,-1004.56,-4323.72,408825.69,6381,140,68,6452
2026-08,Ecuador,Corporativo,266692.32,3463.6,1949.15,73.18,-237.69,-1536.7,270403.87,2207,34,13,2228
2026-08,Ecuador,Siigo POS,75409.47,1868.45,487.4,69.47,-139.23,-1461.31,76234.25,2885,86,56,2914
2026-08,Ecuador,POS Gastrobar,48409.87,1338.95,415.96,60.29,-95.33,-1265.69,48864.05,1392,46,36,1401
2024-09,Perú,Siigo Contador,0.0,0.0,0.0,0.0,0.0,0.0,0.0,2481,0,0,2481
2024-09,Perú,Profesional Independiente,155417.69,0.0,0.0,0.0,0.0,0.0,155417.69,5075,0,0,5075
2024-09,Perú,Emprendedor,196838.32,0.0,0.0,0.0,0.0,0.0,196838.32,4904,0,0,4904
2024-09,Perú,Premium,125506.71,0.0,0.0,0.0,0.0,0.0,125506.71,2878,0,0,2878
2024-09,Perú,Corporativo,75714.54,0.0,0.0,0.0,0.0,0.0,75714.54,928,0,0,928
2024-09,Perú,Siigo POS,34645.73,0.0,0.0,0.0,0.0,0.0,34645.73,1856,0,0,1856
2024-09,Perú,POS Gastrobar,20325.87,0.0,0.0,0.0,0.0,0.0,20325.87,814,0,0,814
2024-10,Perú,Siigo Contador,0.0,0.0,0.0,0.0,-0.0,-0.0,0.0,2481,63,32,2511
2024-10,Perú,Profesional Independiente,155417.69,4045.62,1153.74,156.04,-458.15,-3282.76,157032.17,5075,158,107,5126
2024-10,Perú,Emprendedor,196838.32,4835.09,1509.7,149.4,-363.68,-3138.91,199829.92,4904,143,78,4969
2024-10,Perú,Premium,125506.71,2255.95,1116.61,64.88,-190.38,-1361.04,127392.72,2878,61,31,2908
2024-10,Perú,Corporativo,75714.54,1120.49,550.62,21.97,-53.19,-461.23,76893.21,928,16,6,938
2024-10,Perú,Siigo POS,34645.73,1019.36,304.77,32.66,-91.59,-686.05,35224.88,1856,65,37,1884
2024-10,Perú,POS Gastrobar,20325.87,586.1,210.9,24.06,-19.04,-503.67,20624.22,814,28,20,822
2024-11,Perú,Siigo Contador,0.0,0.0,0.0,0.0,-0.0,-0.0,0.0,2511,65,32,2544
2024-11,Perú,Profesional Independiente,157032.17,4049.01,1432.38,161.47,-376.25,-3389.42,158909.35,5126,158,111,5174
2024-11,Perú,Emprendedor,199829.92,4085.98,1624.68,139.32,-372.36,-2925.78,202381.76,4969,121,73,5018
2024-11,Perú,Premium,127392.72,2312.91,1070.75,71.26,-189.19,-1495.55,129162.9,2908,63,34,2937
2024-11,Perú,Corporativo,76893.21,1164.21,783.9,20.64,-85.84,-432.25,78343.87,938,17,5,950
2024-11,Perú,Siigo POS,35224.88,966.17,387.68,37.11,-81.02,-777.53,35757.29,1884,62,42,1904
2024-11,Perú,POS Gastrobar,20624.22,611.71,187.13,22.22,-16.84,-465.8,20962.65,822,29,19,833
2024-12,Perú,Siigo Contador,0.0,0.0,0.0,0.0,-0.0,-0.0,0.0,2544,61,39,2565
2024-12,Perú,Profesional Independiente,158909.35,4055.42,1233.21,199.92,-365.18,-4201.93,159830.79,5174,160,137,5197
2024-12,Perú,Emprendedor,202381.76,4608.46,1397.3,192.16,-655.64,-4046.01,203878.02,5018,138,100,5055
2024-12,Perú,Premium,129162.9,2316.4,1002.79,83.33,-271.64,-1751.09,130542.67,2937,63,40,2960
2024-12,Perú,Corporativo,78343.87,1057.56,958.53,22.66,-161.69,-474.04,79746.88,950,15,6,959
2024-12,Perú,Siigo POS,35757.29,905.75,304.38,41.29,-50.91,-866.34,36091.45,1904,58,46,1916
2024-12,Perú,POS Gastrobar,20962.65,570.45,204.93,27.9,-25.39,-584.69,21155.85,833,27,23,837
2025-01,Perú,Siigo Contador,0.0,0.0,0.0,0.0,-0.0,-0.0,0.0,2565,84,42,2608
2025-01,Perú,Profesional Independiente,159830.79,7084.52,10104.2,361.72,-298.6,-4406.15,172676.48,5197,265,143,5318
2025-01,Perú,Emprendedor,203878.02,6820.35,13191.13,342.67,-414.47,-4168.82,219648.88,5055,194,103,5146
2025-01,Perú,Premium,130542.67,3415.82,8285.83,146.34,-225.0,-1781.91,140383.75,2960,88,40,3008
2025-01,Perú,Corporativo,79746.88,1497.17,5242.67,50.08,-199.97,-608.93,85727.89,959,20,7,972
2025-01,Perú,Siigo POS,36091.45,1422.63,2338.4,74.51,-82.97,-906.58,38937.44,1916,87,48,1955
2025-01,Perú,POS Gastrobar,21155.85,891.43,1340.43,54.11,-64.0,-659.77,22718.05,837,41,26,852
2025-02,Perú,Siigo Contador,0.0,0.0,0.0,0.0,-0.0,-0.0,0.0,2608,68,31,2645
2025-02,Perú,Profesional Independiente,172676.48,5756.17,1887.88,351.59,-251.04,-4502.79,175918.29,5318,216,139,5395
2025-02,Perú,Emprendedor,219648.88,6250.23,2556.82,261.58,-331.49,-3347.83,225038.18,5146,175,78,5242
2025-02,Perú,Premium,140383.75,3480.19,1188.3,117.12,-4.56,-1501.56,143663.24,3008,89,32,3064
2025-02,Perú,Corporativo,85727.89,1324.85,909.85,39.38,-131.93,-504.54,87365.5,972,18,6,984
2025-02,Perú,Siigo POS,38937.44,1229.01,373.46,65.45,-80.4,-839.88,39685.08,1955,75,42,1987
2025-02,Perú,POS Gastrobar,22718.05,829.71,143.13,41.95,-68.21,-540.5,23124.12,852,38,20,869
2025-03,Perú,Siigo Contador,0.0,0.0,0.0,0.0,-0.0,-0.0,0.0,2645,66,32,2678
2025-03,Perú,Profesional Independiente,175918.29,5021.34,1694.7,299.79,-382.24,-3847.06,178704.82,5395,188,118,5465
2025-03,Perú,Emprendedor,225038.18,5341.11,1968.7,275.22,-459.51,-3534.41,228629.28,5242,151,82,5311
2025-03,Perú,Premium,143663.24,3111.82,1395.62,127.36,-474.35,-1636.09,146187.59,3064,80,35,3109
2025-03,Perú,Corporativo,87365.5,1451.04,717.21,36.96,-144.33,-474.72,88951.66,984,19,5,998
2025-03,Perú,Siigo POS,39685.08,1084.19,324.5,56.02,-43.29,-719.1,40387.38,1987,66,36,2017
2025-03,Perú,POS Gastrobar,23124.12,821.32,204.82,47.16,-57.27,-605.84,23534.31,869,38,23,884
2025-04,Perú,Siigo Contador,0.0,0.0,0.0,0.0,-0.0,-0.0,0.0,2678,74,36,2716
2025-04,Perú,Profesional Independiente,178704.82,5197.62,1615.47,315.01,-127.47,-4038.93,181666.52,5465,194,124,5535
2025-04,Perú,Emprendedor,228629.28,5345.96,2451.2,277.2,-293.2,-3550.19,232860.24,5311,150,82,5378
2025-04,Perú,Premium,146187.59,2809.29,1345.63,129.97,-210.66,-1667.3,148594.53,3109,72,35,3146
2025-04,Perú,Corporativo,88951.66,1283.2,513.8,39.72,-99.32,-511.09,90177.96,998,17,6,1009
2025-04,Perú,Siigo POS,40387.38,1034.01,365.23,61.59,-154.68,-792.16,40901.38,2017,63,40,2041
2025-04,Perú,POS Gastrobar,23534.31,714.59,230.77,43.43,-55.29,-557.36,23910.46,884,33,21,896
2025-05,Perú,Siigo Contador,0.0,0.0,0.0,0.0,-0.0,-0.0,0.0,2716,64,33,2747
2025-05,Perú,Profesional Independiente,181666.52,4634.63,1234.11,187.3,-452.9,-3941.18,183328.48,5535,170,120,5585
2025-05,Perú,Emprendedor,232860.24,4966.69,2153.86,159.82,-683.72,-3356.3,236100.59,5378,137,78,5437
2025-05,Perú,Premium,148594.53,2930.87,1518.28,82.0,-462.86,-1720.64,150942.18,3146,74,36,3183
2025-05,Perú,Corporativo,90177.96,1256.69,757.28,24.91,-156.68,-523.03,91537.13,1009,17,6,1020
2025-05,Perú,Siigo POS,40901.38,1154.44,443.91,44.13,-69.89,-924.03,41549.93,2041,69,46,2063
2025-05,Perú,POS Gastrobar,23910.46,735.96,183.58,27.06,-50.82,-568.74,24237.49,896,33,21,907
2025-06,Perú,Siigo Contador,0.0,0.0,0.0,0.0,-0.0,-0.0,0.0,2747,67,39,2775
2025-06,Perú,Profesional Independiente,183328.48,5207.52,1691.56,210.4,-265.92,-4412.04,185760.0,5585,190,134,5641
2025-06,Perú,Emprendedor,236100.59,5153.92,1371.2,162.42,-266.27,-3416.45,239105.42,5437,141,79,5500
2025-06,Perú,Premium,150942.18,2945.72,1319.49,80.84,-374.4,-1697.73,153216.1,3183,74,36,3221
2025-06,Perú,Corporativo,91537.13,1132.66,1163.47,24.47,-167.78,-511.65,93178.31,1020,15,6,1029
2025-06,Perú,Siigo POS,41549.93,1080.44,308.17,41.25,-130.0,-868.01,41981.78,2063,64,43,2084
2025-06,Perú,POS Gastrobar,24237.49,744.02,206.36,29.48,-53.26,-619.11,24544.99,907,33,23,918
2025-07,Perú,Siigo Contador,0.0,0.0,0.0,0.0,-0.0,-0.0,0.0,2775,61,33,2804
2025-07,Perú,Profesional Independiente,185760.0,5300.57,1256.04,205.8,-551.65,-4332.71,187638.04,5641,193,132,5702
2025-07,Perú,Emprendedor,239105.42,5609.76,1187.19,177.78,-437.25,-3745.16,241897.73,5500,154,86,5568
2025-07,Perú,Premium,153216.1,2656.29,1632.53,82.04,-205.35,-1717.63,155663.97,3221,66,36,3251
2025-07,Perú,Corporativo,93178.31,1412.67,690.88,26.37,-93.56,-553.77,94660.89,1029,18,6,1042
2025-07,Perú,Siigo POS,41981.78,1042.06,348.38,40.26,-102.83,-845.95,42463.71,2084,62,42,2104
2025-07,Perú,POS Gastrobar,24544.99,774.42,151.68,30.03,-71.39,-632.63,24797.1,918,35,24,929
2025-08,Perú,Siigo Contador,0.0,0.0,0.0,0.0,-0.0,-0.0,0.0,2804,66,34,2835
2025-08,Perú,Profesional Independiente,187638.04,6116.29,1758.16,224.44,-311.86,-4706.81,190718.25,5702,222,143,5781
2025-08,Perú,Emprendedor,241897.73,5803.33,1668.13,189.14,-739.62,-3981.71,244837.0,5568,160,92,5636
2025-08,Perú,Premium,155663.97,2911.19,1087.14,72.73,-402.8,-1530.34,157801.89,3251,72,32,3291
2025-08,Perú,Corporativo,94660.89,1413.91,777.69,24.93,-172.42,-523.46,96181.54,1042,18,6,1054
2025-08,Perú,Siigo POS,42463.71,1134.65,286.13,42.94,-106.84,-903.69,42916.91,2104,67,45,2127
2025-08,Perú,POS Gastrobar,24797.1,733.86,282.81,28.45,-66.64,-596.11,25179.49,929,33,22,939
2025-09,Perú,Siigo Contador,0.0,0.0,0.0,0.0,-0.0,-0.0,0.0,2835,71,39,2868
2025-09,Perú,Profesional Independiente,190718.25,5529.74,2106.03,215.8,-323.63,-4518.27,193727.93,5781,200,137,5845
2025-09,Perú,Emprendedor,244837.0,5306.38,2592.84,183.59,-430.59,-3845.8,248643.43,5636,145,89,5693
2025-09,Perú,Premium,157801.89,3434.56,1292.63,86.57,-606.85,-1821.45,160187.36,3291,85,38,3338
2025-09,Perú,Corporativo,96181.54,1479.42,709.7,25.69,-269.41,-540.35,97586.58,1054,19,6,1067
2025-09,Perú,Siigo POS,42916.91,1145.4,404.18,43.01,-29.6,-901.15,43578.75,2127,68,45,2150
2025-09,Perú,POS Gastrobar,25179.49,724.61,197.78,27.59,-36.17,-579.28,25514.02,939,32,22,950
2025-10,Perú,Siigo Contador,0.0,0.0,0.0,0.0,-0.0,-0.0,0.0,2868,76,38,2906
2025-10,Perú,Profesional Independiente,193727.93,5680.72,2031.62,215.9,-434.55,-4525.3,196696.31,5845,205,137,5913
2025-10,Perú,Emprendedor,248643.43,5478.1,1446.5,193.88,-535.86,-4082.32,251143.73,5693,150,93,5750
2025-10,Perú,Premium,160187.36,3110.6,1633.76,87.35,-245.29,-1830.18,162943.61,3338,77,38,3376
2025-10,Perú,Corporativo,97586.58,1601.23,1028.55,27.28,-394.42,-572.71,99276.51,1067,21,6,1081
2025-10,Perú,Siigo POS,43578.75,1116.0,283.18,43.43,-97.55,-913.92,44009.9,2150,66,45,2171
2025-10,Perú,POS Gastrobar,25514.02,806.7,190.66,29.12,-18.27,-611.27,25910.96,950,36,23,963
2025-11,Perú,Siigo Contador,0.0,0.0,0.0,0.0,-0.0,-0.0,0.0,2906,71,39,2937
2025-11,Perú,Profesional Independiente,196696.31,4987.31,1750.83,210.43,-488.28,-4418.59,198738.01,5913,180,133,5960
2025-11,Perú,Emprendedor,251143.73,4637.23,1525.11,185.35,-957.45,-3908.01,252625.94,5750,128,89,5788
2025-11,Perú,Premium,162943.61,3011.56,2118.9,86.8,-64.24,-1811.42,166285.2,3376,74,38,3412
2025-11,Perú,Corporativo,99276.51,1421.39,775.74,28.03,-223.7,-589.18,100688.79,1081,18,6,1093
2025-11,Perú,Siigo POS,44009.9,982.01,430.16,42.56,-50.94,-891.63,44522.06,2171,58,44,2185
2025-11,Perú,POS Gastrobar,25910.96,631.95,161.22,31.28,-45.49,-658.04,26031.87,963,28,24,967
2025-12,Perú,Siigo Contador,0.0,0.0,0.0,0.0,-0.0,-0.0,0.0,2937,70,44,2963
2025-12,Perú,Profesional Independiente,198738.01,5239.38,1844.22,262.92,-394.21,-5515.94,200174.38,5960,190,165,5985
2025-12,Perú,Emprendedor,252625.94,5081.34,2236.1,204.84,-700.1,-4302.59,255145.53,5788,140,99,5829
2025-12,Perú,Premium,166285.2,2994.23,1293.69,110.41,-376.51,-2320.42,167986.6,3412,74,48,3438
2025-12,Perú,Corporativo,100688.79,1298.1,764.8,31.93,-271.54,-671.53,101840.55,1093,17,7,1103
2025-12,Perú,Siigo POS,44522.06,1088.89,358.83,52.68,-46.47,-1105.56,44870.43,2185,65,54,2196
2025-12,Perú,POS Gastrobar,26031.87,716.29,212.47,32.24,-40.07,-676.89,26275.92,967,32,25,974
2026-01,Perú,Siigo Contador,0.0,0.0,0.0,0.0,-0.0,-0.0,0.0,2963,104,49,3018
2026-01,Perú,Profesional Independiente,200174.38,8321.12,13742.72,488.74,-454.17,-5925.2,216347.59,5985,286,177,6094
2026-01,Perú,Emprendedor,255145.53,7778.77,16017.77,422.37,-728.44,-5151.73,273484.27,5829,205,118,5916
2026-01,Perú,Premium,167986.6,4447.9,9910.98,190.19,-353.02,-2326.42,179856.22,3438,104,48,3495
2026-01,Perú,Corporativo,101840.55,2238.19,6248.1,58.98,-211.15,-719.83,109454.84,1103,27,8,1122
2026-01,Perú,Siigo POS,44870.43,1759.96,2928.76,94.07,-63.43,-1143.2,48446.6,2196,99,56,2239
2026-01,Perú,POS Gastrobar,26275.92,1203.59,1700.59,68.83,-28.83,-836.65,28383.44,974,51,31,994
2026-02,Perú,Siigo Contador,0.0,0.0,0.0,0.0,-0.0,-0.0,0.0,3018,74,38,3054
2026-02,Perú,Profesional Independiente,216347.59,6338.17,2066.63,365.1,-552.31,-4687.33,219877.85,6094,217,132,6179
2026-02,Perú,Emprendedor,273484.27,7448.11,2189.54,313.93,-512.39,-4033.88,278889.58,5916,194,87,6023
2026-02,Perú,Premium,179856.22,4263.19,1526.69,157.04,-232.5,-2015.7,183554.94,3495,99,39,3555
2026-02,Perú,Corporativo,109454.84,1941.4,975.85,48.71,-181.61,-625.24,111613.95,1122,24,6,1139
2026-02,Perú,Siigo POS,48446.6,1474.86,473.92,79.68,-71.92,-1021.7,49381.44,2239,83,47,2274
2026-02,Perú,POS Gastrobar,28383.44,946.8,228.94,52.9,-64.66,-680.03,28867.4,994,40,24,1011
2026-03,Perú,Siigo Contador,0.0,0.0,0.0,0.0,-0.0,-0.0,0.0,3054,80,41,3093
2026-03,Perú,Profesional Independiente,219877.85,6867.32,1824.61,405.72,-482.41,-5213.37,223279.71,6179,236,147,6268
2026-03,Perú,Emprendedor,278889.58,7372.8,2400.54,343.89,-370.39,-4413.72,284222.69,6023,192,95,6119
2026-03,Perú,Premium,183554.94,4204.44,1576.34,170.7,-283.33,-2191.47,187031.62,3555,98,42,3610
2026-03,Perú,Corporativo,111613.95,1659.89,887.51,49.96,-143.59,-641.63,113426.09,1139,20,7,1153
2026-03,Perú,Siigo POS,49381.44,1347.46,471.46,76.16,-125.15,-977.75,50173.62,2274,75,45,2304
2026-03,Perú,POS Gastrobar,28867.4,1036.06,230.06,55.84,-43.82,-717.33,29428.22,1011,44,25,1030
2026-04,Perú,Siigo Contador,0.0,0.0,0.0,0.0,-0.0,-0.0,0.0,3093,77,41,3129
2026-04,Perú,Profesional Independiente,223279.71,6724.14,2165.1,395.48,-360.31,-5071.82,227132.3,6268,230,142,6356
2026-04,Perú,Emprendedor,284222.69,6010.19,2422.39,351.38,-641.82,-4514.45,287850.39,6119,158,97,6180
2026-04,Perú,Premium,187031.62,3759.85,1780.82,154.98,-398.31,-1988.89,190340.08,3610,87,38,3659
2026-04,Perú,Corporativo,113426.09,1641.51,1113.65,49.63,-257.32,-636.77,115336.79,1153,20,6,1166
2026-04,Perú,Siigo POS,50173.62,1212.51,492.21,75.97,-168.29,-975.88,50810.15,2304,68,45,2328
2026-04,Perú,POS Gastrobar,29428.22,830.92,183.61,55.51,-21.79,-713.72,29762.76,1030,36,25,1041
2026-05,Perú,Siigo Contador,0.0,0.0,0.0,0.0,-0.0,-0.0,0.0,3129,82,40,3171
2026-05,Perú,Profesional Independiente,227132.3,5944.89,1656.73,240.18,-580.77,-5051.72,229341.6,6356,200,141,6414
2026-05,Perú,Emprendedor,287850.39,7860.07,3110.43,230.5,-981.82,-4835.44,293234.12,6180,200,104,6276
2026-05,Perú,Premium,190340.08,3505.24,1259.42,106.65,-656.89,-2246.77,192307.72,3659,80,43,3696
2026-05,Perú,Corporativo,115336.79,1844.79,1473.35,32.1,-97.82,-670.27,117918.93,1166,22,7,1181
2026-05,Perú,Siigo POS,50810.15,1216.27,408.9,49.41,-78.05,-1037.47,51369.21,2328,67,48,2347
2026-05,Perú,POS Gastrobar,29762.76,846.6,237.76,35.44,-47.29,-744.2,30091.08,1041,36,26,1050
2026-06,Perú,Siigo Contador,0.0,0.0,0.0,0.0,-0.0,-0.0,0.0,3171,64,39,3196
2026-06,Perú,Profesional Independiente,229341.6,6476.49,2073.97,252.87,-188.91,-5300.27,232655.76,6414,217,148,6483
2026-06,Perú,Emprendedor,293234.12,6248.21,2734.35,225.23,-430.01,-4722.54,297289.37,6276,160,101,6335
2026-06,Perú,Premium,192307.72,3141.12,1661.52,110.04,-317.05,-2309.2,194594.14,3696,72,44,3723
2026-06,Perú,Corporativo,117918.93,1402.35,1322.11,34.28,-287.26,-718.13,119672.28,1181,17,7,1191
2026-06,Perú,Siigo POS,51369.21,1329.21,455.3,50.3,-43.47,-1054.52,52106.03,2347,73,48,2371
2026-06,Perú,POS Gastrobar,30091.08,860.51,309.6,33.28,-94.82,-698.32,30501.32,1050,36,24,1062
2026-07,Perú,Siigo Contador,0.0,0.0,0.0,0.0,-0.0,-0.0,0.0,3196,74,40,3230
2026-07,Perú,Profesional Independiente,232655.76,6519.06,1866.71,248.7,-756.01,-5230.76,235303.46,6483,218,146,6555
2026-07,Perú,Emprendedor,297289.37,6687.79,1750.2,230.5,-139.62,-4844.84,300973.4,6335,170,103,6402
2026-07,Perú,Premium,194594.14,3426.09,1888.01,99.44,-467.89,-2086.2,197453.59,3723,78,40,3761
2026-07,Perú,Corporativo,119672.28,1761.43,1160.96,31.35,-208.13,-657.18,121760.71,1191,21,7,1205
2026-07,Perú,Siigo POS,52106.03,1439.31,503.07,53.31,-120.05,-1118.44,52863.23,2371,78,51,2399
2026-07,Perú,POS Gastrobar,30501.32,924.93,331.63,34.06,-60.26,-713.4,31018.27,1062,38,25,1075
2026-08,Perú,Siigo Contador,0.0,0.0,0.0,0.0,-0.0,-0.0,0.0,3230,82,45,3268
2026-08,Perú,Profesional Independiente,235303.46,6811.07,2180.14,271.13,-570.38,-5690.81,238304.61,6555,227,159,6623
2026-08,Perú,Emprendedor,300973.4,7020.25,2702.91,209.38,-664.28,-4394.94,305846.72,6402,177,93,6485
2026-08,Perú,Premium,197453.59,3962.96,1493.06,108.15,-214.64,-2270.8,200532.33,3761,89,43,3807
2026-08,Perú,Corporativo,121760.71,1671.58,1043.63,32.14,-219.1,-674.69,123614.27,1205,19,7,1217
2026-08,Perú,Siigo POS,52863.23,1365.3,453.28,54.97,-152.53,-1155.16,53429.09,2399,74,52,2421
2026-08,Perú,POS Gastrobar,31018.27,856.27,248.87,36.49,-95.12,-767.43,31297.36,1075,36,27,1084
2024-09,Uruguay,Siigo Contador,0.0,0.0,0.0,0.0,0.0,0.0,0.0,2996,0,0,2996
2024-09,Uruguay,Profesional Independiente,126400.34,0.0,0.0,0.0,0.0,0.0,126400.34,2810,0,0,2810
2024-09,Uruguay,Emprendedor,193779.71,0.0,0.0,0.0,0.0,0.0,193779.71,3287,0,0,3287
2024-09,Uruguay,Premium,145166.43,0.0,0.0,0.0,0.0,0.0,145166.43,2267,0,0,2267
2024-09,Uruguay,Corporativo,106439.97,0.0,0.0,0.0,0.0,0.0,106439.97,888,0,0,888
2024-09,Uruguay,Siigo POS,18900.52,0.0,0.0,0.0,0.0,0.0,18900.52,689,0,0,689
2024-09,Uruguay,POS Gastrobar,11663.76,0.0,0.0,0.0,0.0,0.0,11663.76,318,0,0,318
2024-10,Uruguay,Siigo Contador,0.0,0.0,0.0,0.0,-0.0,-0.0,0.0,2996,58,40,3013
2024-10,Uruguay,Profesional Independiente,126400.34,3335.76,1225.72,145.21,-506.1,-3051.35,127549.57,2810,89,68,2831
2024-10,Uruguay,Emprendedor,193779.71,3422.51,1378.88,143.01,-253.31,-3004.67,195466.12,3287,70,51,3306
2024-10,Uruguay,Premium,145166.43,1845.06,1278.4,70.96,-310.54,-1489.6,146560.7,2267,34,23,2278
2024-10,Uruguay,Corporativo,106439.97,1022.79,1048.9,27.77,-200.55,-582.2,107756.69,888,10,5,893
2024-10,Uruguay,Siigo POS,18900.52,385.88,183.64,17.68,-37.85,-370.69,19079.18,689,17,14,693
2024-10,Uruguay,POS Gastrobar,11663.76,264.82,138.8,11.9,-22.71,-248.96,11807.61,318,9,7,320
2024-11,Uruguay,Siigo Contador,0.0,0.0,0.0,0.0,-0.0,-0.0,0.0,3013,59,43,3029
2024-11,Uruguay,Profesional Independiente,127549.57,2622.77,1052.37,143.49,-221.97,-3012.78,128133.45,2831,71,67,2835
2024-11,Uruguay,Emprendedor,195466.12,3258.52,2532.31,151.31,-545.71,-3165.48,197697.08,3306,66,54,3319
2024-11,Uruguay,Premium,146560.7,1986.78,858.1,86.06,-455.5,-1813.73,147222.42,2278,37,28,2287
2024-11,Uruguay,Corporativo,107756.69,936.9,819.94,27.54,-384.21,-579.59,108577.26,893,9,5,898
2024-11,Uruguay,Siigo POS,19079.18,402.18,199.54,19.75,-61.74,-414.35,19224.56,693,18,15,695
2024-11,Uruguay,POS Gastrobar,11807.61,270.2,103.28,13.73,-20.15,-288.14,11886.53,320,9,8,321
2024-12,Uruguay,Siigo Contador,0.0,0.0,0.0,0.0,-0.0,-0.0,0.0,3029,49,46,3032
2024-12,Uruguay,Profesional Independiente,128133.45,3037.27,1144.87,169.56,-291.28,-3559.61,128634.27,2835,82,79,2838
2024-12,Uruguay,Emprendedor,197697.08,2560.44,1556.18,152.79,-391.01,-3209.98,198365.51,3319,52,54,3317
2024-12,Uruguay,Premium,147222.42,1977.97,1289.06,93.23,-426.31,-1958.76,148197.61,2287,37,30,2294
2024-12,Uruguay,Corporativo,108577.26,991.4,876.88,31.86,-330.1,-669.91,109477.38,898,10,6,902
2024-12,Uruguay,Siigo POS,19224.56,377.85,188.25,21.59,-29.11,-452.44,19330.7,695,17,16,696
2024-12,Uruguay,POS Gastrobar,11886.53,292.22,93.95,17.58,-34.81,-369.77,11885.71,321,10,10,321
2025-01,Uruguay,Siigo Contador,0.0,0.0,0.0,0.0,-0.0,-0.0,0.0,3032,78,50,3059
2025-01,Uruguay,Profesional Independiente,128634.27,4843.81,8190.84,318.4,-203.77,-3875.66,137907.89,2838,124,86,2877
2025-01,Uruguay,Emprendedor,198365.51,5322.76,12563.83,355.11,-336.99,-4324.4,211945.82,3317,104,72,3349
2025-01,Uruguay,Premium,148197.61,2592.24,9557.08,174.16,-123.64,-2116.88,158280.57,2294,47,33,2307
2025-01,Uruguay,Corporativo,109477.38,1483.82,7080.75,70.54,-301.83,-858.82,116951.84,902,14,7,909
2025-01,Uruguay,Siigo POS,19330.7,601.82,1259.75,42.74,-43.11,-519.8,20672.09,696,25,19,702
2025-01,Uruguay,POS Gastrobar,11885.71,430.63,741.99,29.23,-18.86,-356.2,12712.49,321,14,10,325
2025-02,Uruguay,Siigo Contador,0.0,0.0,0.0,0.0,-0.0,-0.0,0.0,3059,64,38,3086
2025-02,Uruguay,Profesional Independiente,137907.89,3771.45,1193.92,252.59,-313.75,-3244.82,139567.28,2877,97,68,2906
2025-02,Uruguay,Emprendedor,211945.82,4616.05,1596.16,261.63,-261.05,-3361.25,214797.35,3349,89,53,3384
2025-02,Uruguay,Premium,158280.57,2241.58,1372.67,120.49,-398.53,-1548.17,160068.61,2307,40,23,2325
2025-02,Uruguay,Corporativo,116951.84,1128.48,869.1,53.76,-102.38,-690.52,118210.28,909,11,5,914
2025-02,Uruguay,Siigo POS,20672.09,441.82,197.27,33.8,-47.98,-433.81,20863.18,702,19,15,706
2025-02,Uruguay,POS Gastrobar,12712.49,342.13,133.94,24.8,-15.57,-317.66,12880.13,325,11,8,327
2025-03,Uruguay,Siigo Contador,0.0,0.0,0.0,0.0,-0.0,-0.0,0.0,3086,60,40,3106
2025-03,Uruguay,Profesional Independiente,139567.28,3238.68,1080.49,250.29,-457.7,-3221.38,140457.65,2906,84,67,2923
2025-03,Uruguay,Emprendedor,214797.35,3682.23,1729.72,268.88,-564.96,-3457.38,216455.84,3384,72,54,3402
2025-03,Uruguay,Premium,160068.61,2157.41,1506.72,134.24,-0.0,-1718.69,162148.28,2325,38,25,2338
2025-03,Uruguay,Corporativo,118210.28,1240.48,1303.68,57.82,-261.2,-740.93,119810.13,914,12,6,920
2025-03,Uruguay,Siigo POS,20863.18,470.8,248.07,35.24,-71.92,-451.77,21093.61,706,20,15,710
2025-03,Uruguay,POS Gastrobar,12880.13,370.84,137.56,26.16,-5.81,-334.77,13074.11,327,12,9,330
2025-04,Uruguay,Siigo Contador,0.0,0.0,0.0,0.0,-0.0,-0.0,0.0,3106,52,38,3119
2025-04,Uruguay,Profesional Independiente,140457.65,2956.01,1144.85,260.68,-0.0,-3341.29,141477.91,2923,77,70,2930
2025-04,Uruguay,Emprendedor,216455.84,3842.48,1720.89,295.33,-526.56,-3797.14,217990.84,3402,75,60,3417
2025-04,Uruguay,Premium,162148.28,2132.41,1104.25,133.12,-518.17,-1714.84,163285.06,2338,38,25,2351
2025-04,Uruguay,Corporativo,119810.13,1172.3,919.38,57.83,-425.71,-744.64,120789.29,920,11,6,925
2025-04,Uruguay,Siigo POS,21093.61,383.28,264.04,31.89,-47.8,-408.12,21316.91,710,16,14,713
2025-04,Uruguay,POS Gastrobar,13074.11,326.85,104.01,25.34,-13.33,-325.4,13191.58,330,10,8,332
2025-05,Uruguay,Siigo Contador,0.0,0.0,0.0,0.0,-0.0,-0.0,0.0,3119,55,39,3136
2025-05,Uruguay,Profesional Independiente,141477.91,3294.32,1334.2,159.14,-228.98,-3337.03,142699.55,2930,82,69,2943
2025-05,Uruguay,Emprendedor,217990.84,3819.96,1809.66,167.02,-574.55,-3509.68,219703.25,3417,72,55,3434
2025-05,Uruguay,Premium,163285.06,2081.78,1519.52,78.25,-265.49,-1641.09,165058.03,2351,36,24,2363
2025-05,Uruguay,Corporativo,120789.29,1126.62,949.36,30.57,-223.16,-642.14,122030.53,925,10,5,930
2025-05,Uruguay,Siigo POS,21316.91,412.42,250.94,19.8,-62.83,-414.72,21522.51,713,17,14,715
2025-05,Uruguay,POS Gastrobar,13191.58,337.01,96.47,16.23,-25.46,-341.12,13274.72,332,10,9,334
2025-06,Uruguay,Siigo Contador,0.0,0.0,0.0,0.0,-0.0,-0.0,0.0,3136,53,40,3149
2025-06,Uruguay,Profesional Independiente,142699.55,3484.57,1601.45,178.07,-80.37,-3723.4,144159.87,2943,87,77,2953
2025-06,Uruguay,Emprendedor,219703.25,3255.28,2266.37,165.49,-434.64,-3468.24,221487.51,3434,61,54,3441
2025-06,Uruguay,Premium,165058.03,1793.44,1112.19,87.34,-222.1,-1835.82,165993.08,2363,31,26,2368
2025-06,Uruguay,Corporativo,122030.53,976.24,914.31,36.23,-210.1,-761.29,122985.92,930,9,6,934
2025-06,Uruguay,Siigo POS,21522.51,442.96,237.21,19.92,-35.5,-416.99,21770.11,715,18,14,719
2025-06,Uruguay,POS Gastrobar,13274.72,278.71,77.0,14.35,-30.67,-302.29,13311.83,334,9,8,335
2025-07,Uruguay,Siigo Contador,0.0,0.0,0.0,0.0,-0.0,-0.0,0.0,3149,58,42,3165
2025-07,Uruguay,Profesional Independiente,144159.87,3324.78,1085.79,159.92,-208.61,-3359.12,145162.64,2953,82,69,2967
2025-07,Uruguay,Emprendedor,221487.51,4089.35,1323.54,182.34,-489.71,-3838.78,222754.24,3441,77,60,3458
2025-07,Uruguay,Premium,165993.08,2230.47,1362.87,92.49,-724.66,-1947.0,167007.25,2368,38,28,2378
2025-07,Uruguay,Corporativo,122985.92,1160.94,1386.83,35.24,-155.44,-737.35,124676.15,934,10,6,938
2025-07,Uruguay,Siigo POS,21770.11,448.64,157.11,23.43,-19.36,-492.02,21887.9,719,18,16,721
2025-07,Uruguay,POS Gastrobar,13311.83,332.76,94.44,15.44,-25.0,-324.59,13404.87,335,10,8,337
2025-08,Uruguay,Siigo Contador,0.0,0.0,0.0,0.0,-0.0,-0.0,0.0,3165,58,41,3181
2025-08,Uruguay,Profesional Independiente,145162.64,3507.37,1343.01,164.86,-192.69,-3456.55,146528.64,2967,86,71,2982
2025-08,Uruguay,Emprendedor,222754.24,3892.79,2548.16,159.89,-716.63,-3351.38,225287.08,3458,72,52,3479
2025-08,Uruguay,Premium,167007.25,2525.89,844.64,90.91,-270.95,-1914.54,168283.2,2378,43,27,2394
2025-08,Uruguay,Corporativo,124676.15,986.29,696.07,30.8,-334.51,-648.94,125405.86,938,9,5,942
2025-08,Uruguay,Siigo POS,21887.9,453.43,287.43,20.97,-64.49,-438.73,22146.51,721,18,14,724
2025-08,Uruguay,POS Gastrobar,13404.87,313.67,125.95,15.04,-32.79,-315.75,13511.01,337,10,8,338
2025-09,Uruguay,Siigo Contador,0.0,0.0,0.0,0.0,-0.0,-0.0,0.0,3181,61,45,3198
2025-09,Uruguay,Profesional Independiente,146528.64,3228.85,1893.25,144.82,-14.41,-3021.78,148759.38,2982,79,62,2999
2025-09,Uruguay,Emprendedor,225287.08,4164.46,1907.97,171.39,-429.03,-3598.37,227503.49,3479,77,56,3500
2025-09,Uruguay,Premium,168283.2,2444.44,1242.47,88.43,-400.7,-1859.55,169798.29,2394,42,26,2409
2025-09,Uruguay,Corporativo,125405.86,1043.38,1082.67,32.71,-211.21,-686.57,126666.85,942,9,5,947
2025-09,Uruguay,Siigo POS,22146.51,407.18,201.97,21.34,-54.39,-447.93,22274.68,724,16,15,726
2025-09,Uruguay,POS Gastrobar,13511.01,294.23,167.13,14.35,-31.6,-300.18,13654.93,338,9,8,340
2025-10,Uruguay,Siigo Contador,0.0,0.0,0.0,0.0,-0.0,-0.0,0.0,3198,60,42,3216
2025-10,Uruguay,Profesional Independiente,148759.38,3814.0,1686.78,173.69,-239.18,-3635.26,150559.41,2999,92,73,3018
2025-10,Uruguay,Emprendedor,227503.49,3722.27,1910.03,165.91,-374.26,-3482.72,229444.72,3500,69,54,3516
2025-10,Uruguay,Premium,169798.29,2368.09,2110.68,88.12,-415.79,-1843.81,172105.57,2409,40,26,2423
2025-10,Uruguay,Corporativo,126666.85,1334.16,1256.48,38.83,-275.89,-814.24,128206.19,947,12,6,952
2025-10,Uruguay,Siigo POS,22274.68,436.16,184.48,22.75,-61.05,-478.15,22378.87,726,17,16,728
2025-10,Uruguay,POS Gastrobar,13654.93,311.5,94.62,16.38,-18.15,-344.25,13715.03,340,9,9,341
2025-11,Uruguay,Siigo Contador,0.0,0.0,0.0,0.0,-0.0,-0.0,0.0,3216,55,39,3233
2025-11,Uruguay,Profesional Independiente,150559.41,3219.08,1488.9,173.57,-70.45,-3633.83,151736.68,3018,78,73,3024
2025-11,Uruguay,Emprendedor,229444.72,3902.57,2257.01,179.42,-397.69,-3761.12,231624.92,3516,72,58,3530
2025-11,Uruguay,Premium,172105.57,2234.66,1410.62,96.76,-207.43,-2030.68,173609.51,2423,38,29,2432
2025-11,Uruguay,Corporativo,128206.19,1195.88,920.27,35.05,-307.31,-737.23,129312.84,952,11,5,957
2025-11,Uruguay,Siigo POS,22378.87,450.47,235.71,21.15,-62.48,-443.61,22580.11,728,18,14,731
2025-11,Uruguay,POS Gastrobar,13715.03,293.71,116.2,14.61,-13.01,-306.51,13820.04,341,9,8,342
2025-12,Uruguay,Siigo Contador,0.0,0.0,0.0,0.0,-0.0,-0.0,0.0,3233,57,49,3240
2025-12,Uruguay,Profesional Independiente,151736.68,3538.91,1314.76,206.76,-253.41,-4339.02,152204.69,3024,86,86,3023
2025-12,Uruguay,Emprendedor,231624.92,3561.39,2037.75,186.45,-476.3,-3913.71,233020.49,3530,66,60,3536
2025-12,Uruguay,Premium,173609.51,2360.04,1296.19,110.95,-145.75,-2329.33,174901.61,2432,40,33,2440
2025-12,Uruguay,Corporativo,129312.84,1142.26,965.3,36.88,-388.29,-775.96,130293.04,957,10,6,962
2025-12,Uruguay,Siigo POS,22580.11,406.16,232.99,24.48,-60.89,-513.49,22669.36,731,16,17,730
2025-12,Uruguay,POS Gastrobar,13820.04,268.01,162.12,17.86,-34.88,-374.01,13859.14,342,8,9,341
2026-01,Uruguay,Siigo Contador,0.0,0.0,0.0,0.0,-0.0,-0.0,0.0,3240,89,54,3275
2026-01,Uruguay,Profesional Independiente,152204.69,5267.17,9784.17,366.88,-306.42,-4465.03,162851.46,3023,122,89,3057
2026-01,Uruguay,Emprendedor,233020.49,5635.2,15308.63,381.81,-709.97,-4645.14,248991.02,3536,100,70,3565
2026-01,Uruguay,Premium,174901.61,3424.94,11246.93,209.01,-351.94,-2543.71,186886.85,2440,55,35,2459
2026-01,Uruguay,Corporativo,130293.04,1788.79,8489.43,77.45,-367.03,-942.51,139339.17,962,15,7,970
2026-01,Uruguay,Siigo POS,22669.36,741.16,1506.21,51.59,-72.43,-627.29,24268.61,730,28,20,738
2026-01,Uruguay,POS Gastrobar,13859.14,536.15,920.16,33.7,-21.63,-409.1,14918.42,341,15,10,346
2026-02,Uruguay,Siigo Contador,0.0,0.0,0.0,0.0,-0.0,-0.0,0.0,3275,61,42,3294
2026-02,Uruguay,Profesional Independiente,162851.46,4004.35,1227.9,288.55,-144.57,-3705.76,164521.94,3057,93,70,3080
2026-02,Uruguay,Emprendedor,248991.02,4724.66,2685.82,313.09,-178.28,-4007.3,252529.01,3565,83,57,3590
2026-02,Uruguay,Premium,186886.85,3347.57,1300.54,174.29,-249.66,-2240.7,189218.88,2459,53,29,2483
2026-02,Uruguay,Corporativo,139339.17,1596.1,1151.26,70.4,-410.53,-905.37,140841.02,970,13,6,977
2026-02,Uruguay,Siigo POS,24268.61,510.63,220.24,39.4,-48.95,-505.77,24484.16,738,19,15,742
2026-02,Uruguay,POS Gastrobar,14918.42,396.53,105.19,28.31,-18.12,-363.85,15066.48,346,11,8,349
2026-03,Uruguay,Siigo Contador,0.0,0.0,0.0,0.0,-0.0,-0.0,0.0,3294,66,42,3318
2026-03,Uruguay,Profesional Independiente,164521.94,3752.95,1652.42,296.67,-69.42,-3798.85,166355.69,3080,87,71,3096
2026-03,Uruguay,Emprendedor,252529.01,4617.55,2889.34,309.7,-781.38,-3970.76,255593.46,3590,81,56,3615
2026-03,Uruguay,Premium,189218.88,2554.62,1406.15,162.36,-389.47,-2087.76,190864.77,2483,41,27,2497
2026-03,Uruguay,Corporativo,140841.02,1495.4,1175.53,62.87,-332.39,-808.02,142434.41,977,12,6,984
2026-03,Uruguay,Siigo POS,24484.16,550.09,256.53,42.97,-60.26,-551.14,24722.35,742,21,17,746
2026-03,Uruguay,POS Gastrobar,15066.48,397.21,135.24,27.35,-34.0,-351.28,15241.0,349,11,8,352
2026-04,Uruguay,Siigo Contador,0.0,0.0,0.0,0.0,-0.0,-0.0,0.0,3318,57,40,3335
2026-04,Uruguay,Profesional Independiente,166355.69,4607.88,1467.76,309.16,-380.75,-3970.94,168388.79,3096,105,74,3127
2026-04,Uruguay,Emprendedor,255593.46,4797.75,2936.59,313.98,-989.84,-4028.53,258623.4,3615,83,57,3641
2026-04,Uruguay,Premium,190864.77,2565.5,1899.05,162.12,-209.18,-2077.59,193204.67,2497,41,27,2511
2026-04,Uruguay,Corporativo,142434.41,1228.51,1297.6,67.93,-314.58,-872.19,143841.68,984,10,6,988
2026-04,Uruguay,Siigo POS,24722.35,513.46,196.48,39.54,-88.2,-508.93,24874.69,746,19,15,749
2026-04,Uruguay,POS Gastrobar,15241.0,369.35,152.33,29.39,-14.11,-376.55,15401.41,352,11,9,354
2026-05,Uruguay,Siigo Contador,0.0,0.0,0.0,0.0,-0.0,-0.0,0.0,3335,61,42,3355
2026-05,Uruguay,Profesional Independiente,168388.79,4422.05,1457.01,204.27,-346.7,-4288.41,169837.01,3127,99,80,3146
2026-05,Uruguay,Emprendedor,258623.4,4612.27,2242.84,186.4,-483.3,-3912.57,261269.04,3641,78,55,3663
2026-05,Uruguay,Premium,193204.67,2402.31,1844.86,102.89,-330.98,-2157.48,195066.28,2511,37,28,2520
2026-05,Uruguay,Corporativo,143841.68,1189.76,1382.94,38.91,-463.89,-817.03,145172.37,988,10,6,992
2026-05,Uruguay,Siigo POS,24874.69,492.55,230.82,24.67,-67.86,-518.05,25036.83,749,18,16,752
2026-05,Uruguay,POS Gastrobar,15401.41,388.63,163.7,18.42,-25.58,-385.73,15560.84,354,11,9,356
2026-06,Uruguay,Siigo Contador,0.0,0.0,0.0,0.0,-0.0,-0.0,0.0,3355,56,43,3367
2026-06,Uruguay,Profesional Independiente,169837.01,3641.28,1616.13,194.38,-497.25,-4080.95,170710.6,3146,82,76,3153
2026-06,Uruguay,Emprendedor,261269.04,3808.98,2858.1,191.14,-524.5,-4003.53,263599.24,3663,64,56,3672
2026-06,Uruguay,Premium,195066.28,2582.44,1052.1,108.02,-346.36,-2274.5,196187.97,2520,40,29,2531
2026-06,Uruguay,Corporativo,145172.37,1168.11,1628.74,39.16,-297.22,-819.97,146891.2,992,9,6,996
2026-06,Uruguay,Siigo POS,25036.83,591.9,311.73,26.28,-50.44,-549.54,25366.75,752,21,17,757
2026-06,Uruguay,POS Gastrobar,15560.84,397.6,144.67,18.65,-31.14,-391.22,15699.4,356,11,9,358
2026-07,Uruguay,Siigo Contador,0.0,0.0,0.0,0.0,-0.0,-0.0,0.0,3367,59,44,3382
2026-07,Uruguay,Profesional Independiente,170710.6,4039.05,1409.84,190.18,-388.09,-3995.05,171966.52,3153,90,74,3169
2026-07,Uruguay,Emprendedor,263599.24,4946.51,2158.23,206.93,-745.66,-4349.76,265815.49,3672,83,61,3694
2026-07,Uruguay,Premium,196187.97,2558.7,2050.41,102.43,-597.37,-2148.76,198153.38,2531,40,28,2543
2026-07,Uruguay,Corporativo,146891.2,1277.0,1203.02,39.53,-312.79,-830.3,148267.66,996,10,6,1001
2026-07,Uruguay,Siigo POS,25366.75,521.99,233.51,24.24,-58.36,-508.84,25579.3,757,19,15,760
2026-07,Uruguay,POS Gastrobar,15699.4,397.69,182.6,18.61,-16.55,-389.15,15892.59,358,11,9,360
2026-08,Uruguay,Siigo Contador,0.0,0.0,0.0,0.0,-0.0,-0.0,0.0,3382,53,45,3390
2026-08,Uruguay,Profesional Independiente,171966.52,3866.48,1437.93,182.38,-457.51,-3832.33,173163.48,3169,86,71,3184
2026-08,Uruguay,Emprendedor,265815.49,4311.94,2550.43,219.65,-504.41,-4606.27,267786.83,3694,72,64,3702
2026-08,Uruguay,Premium,198153.38,2714.55,1987.55,103.17,-340.98,-2162.25,200455.42,2543,42,28,2557
2026-08,Uruguay,Corporativo,148267.66,1361.58,1153.99,42.42,-207.65,-890.74,149727.25,1001,11,6,1006
2026-08,Uruguay,Siigo POS,25579.3,544.32,227.15,26.0,-49.55,-545.63,25781.59,760,20,16,764
2026-08,Uruguay,POS Gastrobar,15892.59,412.11,149.3,19.13,-25.97,-401.15,16046.02,360,11,9,362
2024-09,Chile,Siigo Contador,0.0,0.0,0.0,0.0,0.0,0.0,0.0,529,0,0,529
2024-09,Chile,Profesional Independiente,48324.32,0.0,0.0,0.0,0.0,0.0,48324.32,1242,0,0,1242
2024-09,Chile,Emprendedor,61546.13,0.0,0.0,0.0,0.0,0.0,61546.13,1207,0,0,1207
2024-09,Chile,Premium,38279.14,0.0,0.0,0.0,0.0,0.0,38279.14,691,0,0,691
2024-09,Chile,Corporativo,28109.73,0.0,0.0,0.0,0.0,0.0,28109.73,271,0,0,271
2024-09,Chile,Siigo POS,7364.85,0.0,0.0,0.0,0.0,0.0,7364.85,310,0,0,310
2024-09,Chile,POS Gastrobar,3883.47,0.0,0.0,0.0,0.0,0.0,3883.47,122,0,0,122
2024-10,Chile,Siigo Contador,0.0,0.0,0.0,0.0,-0.0,-0.0,0.0,529,22,7,544
2024-10,Chile,Profesional Independiente,48324.32,2137.43,367.64,54.42,-61.41,-1142.84,49679.57,1242,65,29,1277
2024-10,Chile,Emprendedor,61546.13,2498.02,481.11,50.59,-127.54,-1062.93,63385.37,1207,58,21,1244
2024-10,Chile,Premium,38279.14,1339.42,286.48,18.87,-74.36,-396.68,39452.87,691,28,7,712
2024-10,Chile,Corporativo,28109.73,832.36,218.03,8.08,-22.13,-169.59,28976.48,271,9,2,279
2024-10,Chile,Siigo POS,7364.85,287.36,79.3,7.36,-12.76,-154.06,7572.04,310,14,6,318
2024-10,Chile,POS Gastrobar,3883.47,163.66,43.74,4.17,-9.01,-87.31,3998.72,122,6,3,126
2024-11,Chile,Siigo Contador,0.0,0.0,0.0,0.0,-0.0,-0.0,0.0,544,22,7,559
2024-11,Chile,Profesional Independiente,49679.57,2044.73,359.25,58.91,-114.5,-1238.84,50789.13,1277,62,32,1308
2024-11,Chile,Emprendedor,63385.37,2268.3,698.58,53.81,-93.76,-1126.47,65185.84,1244,52,22,1274
2024-11,Chile,Premium,39452.87,1255.29,372.65,21.53,-61.13,-451.33,40589.88,712,27,8,730
2024-11,Chile,Corporativo,28976.48,832.33,208.02,8.52,-87.2,-179.31,29758.84,279,9,2,286
2024-11,Chile,Siigo POS,7572.04,295.22,60.27,7.64,-21.95,-160.56,7752.64,318,15,7,326
2024-11,Chile,POS Gastrobar,3998.72,161.44,33.88,4.67,-8.53,-98.02,4092.17,126,6,3,129
2024-12,Chile,Siigo Contador,0.0,0.0,0.0,0.0,-0.0,-0.0,0.0,559,21,9,572
2024-12,Chile,Profesional Independiente,50789.13,1880.91,465.08,63.88,-118.61,-1340.82,51739.57,1308,58,35,1331
2024-12,Chile,Emprendedor,65185.84,2242.72,562.74,58.51,-109.23,-1227.94,66712.63,1274,52,24,1302
2024-12,Chile,Premium,40589.88,1197.96,425.77,24.55,-91.35,-514.55,41632.26,730,25,9,746
2024-12,Chile,Corporativo,29758.84,641.36,385.0,9.22,-58.01,-192.72,30543.7,286,7,2,292
2024-12,Chile,Siigo POS,7752.64,293.94,47.36,8.63,-9.15,-181.47,7911.95,326,15,8,333
2024-12,Chile,POS Gastrobar,4092.17,158.31,37.12,5.22,-6.1,-109.4,4177.31,129,6,3,131
2025-01,Chile,Siigo Contador,0.0,0.0,0.0,0.0,-0.0,-0.0,0.0,572,30,8,593
2025-01,Chile,Profesional Independiente,51739.57,3082.32,3302.81,133.97,-133.9,-1631.99,56492.77,1331,90,42,1380
2025-01,Chile,Emprendedor,66712.63,3422.84,4346.85,106.86,-134.5,-1299.42,73155.26,1302,75,25,1352
2025-01,Chile,Premium,41632.26,2020.5,2647.1,47.22,-59.61,-574.8,45712.66,746,41,10,777
2025-01,Chile,Corporativo,30543.7,1175.11,1960.21,19.22,-3.46,-233.56,33461.22,292,12,2,302
2025-01,Chile,Siigo POS,7911.95,502.91,510.54,16.57,-16.06,-201.64,8724.28,333,24,8,349
2025-01,Chile,POS Gastrobar,4177.31,248.48,271.38,10.33,-12.72,-125.76,4569.04,131,9,4,136
2025-02,Chile,Siigo Contador,0.0,0.0,0.0,0.0,-0.0,-0.0,0.0,593,25,8,611
2025-02,Chile,Profesional Independiente,56492.77,2694.15,521.23,99.68,-99.02,-1279.15,58429.66,1380,79,31,1427
2025-02,Chile,Emprendedor,73155.26,3019.7,601.06,95.58,-217.49,-1229.23,75424.88,1352,66,23,1395
2025-02,Chile,Premium,45712.66,1749.93,344.03,39.68,-107.23,-510.38,47228.7,777,35,9,803
2025-02,Chile,Corporativo,33461.22,1045.28,348.65,14.77,-51.96,-189.25,34628.71,302,11,2,311
2025-02,Chile,Siigo POS,8724.28,407.41,62.23,13.74,-20.3,-176.74,9010.61,349,19,7,361
2025-02,Chile,POS Gastrobar,4569.04,200.05,32.99,8.52,-8.19,-109.6,4692.81,136,7,3,140
2025-03,Chile,Siigo Contador,0.0,0.0,0.0,0.0,-0.0,-0.0,0.0,611,28,9,630
2025-03,Chile,Profesional Independiente,58429.66,2717.12,391.0,103.54,-141.71,-1332.92,60166.68,1427,80,33,1474
2025-03,Chile,Emprendedor,75424.88,3197.74,893.53,95.81,-274.63,-1228.61,78108.73,1395,70,23,1443
2025-03,Chile,Premium,47228.7,1755.66,382.51,41.39,-107.82,-532.07,48768.37,803,35,9,829
2025-03,Chile,Corporativo,34628.71,1153.72,255.93,16.5,-109.71,-212.42,35732.72,311,12,2,322
2025-03,Chile,Siigo POS,9010.61,413.86,88.42,14.08,-11.7,-180.51,9334.77,361,20,7,374
2025-03,Chile,POS Gastrobar,4692.81,233.62,27.9,9.61,-6.57,-123.66,4833.72,140,8,4,145
2025-04,Chile,Siigo Contador,0.0,0.0,0.0,0.0,-0.0,-0.0,0.0,630,28,8,649
2025-04,Chile,Profesional Independiente,60166.68,2648.43,690.04,104.82,-55.93,-1341.03,62213.01,1474,77,33,1519
2025-04,Chile,Emprendedor,78108.73,3166.14,760.69,93.69,-225.53,-1202.98,80700.73,1443,69,22,1490
2025-04,Chile,Premium,48768.37,1651.84,552.4,41.32,-69.56,-528.96,50415.41,829,33,9,853
2025-04,Chile,Corporativo,35732.72,1055.15,287.71,13.16,-69.25,-169.14,36850.35,322,11,2,331
2025-04,Chile,Siigo POS,9334.77,385.09,83.67,14.26,-19.26,-183.08,9615.44,374,18,7,385
2025-04,Chile,POS Gastrobar,4833.72,210.89,49.42,8.32,-4.78,-106.6,4990.97,145,8,3,149
2025-05,Chile,Siigo Contador,0.0,0.0,0.0,0.0,-0.0,-0.0,0.0,649,28,8,669
2025-05,Chile,Profesional Independiente,62213.01,2565.77,670.34,68.76,-153.09,-1441.09,63923.7,1519,74,35,1557
2025-05,Chile,Emprendedor,80700.73,2786.38,930.88,59.22,-94.56,-1238.54,83144.11,1490,60,23,1527
2025-05,Chile,Premium,50415.41,1726.62,526.16,26.48,-140.47,-555.33,51998.87,853,34,9,878
2025-05,Chile,Corporativo,36850.35,1152.47,319.2,9.11,-40.24,-191.0,38099.89,331,12,2,341
2025-05,Chile,Siigo POS,9615.44,406.23,91.68,9.69,-35.6,-203.67,9883.78,385,19,8,396
2025-05,Chile,POS Gastrobar,4990.97,211.73,43.97,5.42,-5.59,-113.68,5132.83,149,7,3,153
2025-06,Chile,Siigo Contador,0.0,0.0,0.0,0.0,-0.0,-0.0,0.0,669,25,8,687
2025-06,Chile,Profesional Independiente,63923.7,2765.48,405.13,73.65,-142.58,-1550.01,65475.38,1557,80,38,1600
2025-06,Chile,Emprendedor,83144.11,3101.69,1001.56,59.26,-208.34,-1240.46,85857.82,1527,67,23,1571
2025-06,Chile,Premium,51998.87,1676.74,521.14,26.7,-53.17,-559.21,53611.06,878,33,9,902
2025-06,Chile,Corporativo,38099.89,1128.83,394.27,9.9,-66.73,-207.36,39358.79,341,12,2,351
2025-06,Chile,Siigo POS,9883.78,388.57,127.69,9.23,-12.57,-192.86,10203.84,396,18,8,406
2025-06,Chile,POS Gastrobar,5132.83,222.83,35.85,6.08,-12.23,-127.93,5257.44,153,8,4,157
2025-07,Chile,Siigo Contador,0.0,0.0,0.0,0.0,-0.0,-0.0,0.0,687,29,9,706
2025-07,Chile,Profesional Independiente,65475.38,3093.85,708.57,80.05,-137.63,-1677.08,67543.14,1600,89,41,1648
2025-07,Chile,Emprendedor,85857.82,3379.98,647.14,64.42,-141.49,-1353.35,88454.52,1571,73,25,1619
2025-07,Chile,Premium,53611.06,1680.14,572.13,25.65,-80.49,-537.06,55271.42,902,33,9,926
2025-07,Chile,Corporativo,39358.79,1148.52,304.42,10.19,-52.99,-214.02,40554.91,351,12,2,361
2025-07,Chile,Siigo POS,10203.84,423.46,87.03,11.03,-6.28,-231.32,10487.76,406,20,9,417
2025-07,Chile,POS Gastrobar,5257.44,215.44,39.17,6.24,-16.33,-131.2,5370.75,157,8,4,161
2025-08,Chile,Siigo Contador,0.0,0.0,0.0,0.0,-0.0,-0.0,0.0,706,29,9,727
2025-08,Chile,Profesional Independiente,67543.14,2912.25,648.38,74.94,-65.22,-1570.05,69543.43,1648,84,38,1694
2025-08,Chile,Emprendedor,88454.52,3043.46,959.13,61.95,-108.59,-1296.7,91113.77,1619,65,24,1661
2025-08,Chile,Premium,55271.42,1741.37,612.47,30.1,-145.03,-630.66,56879.66,926,34,11,950
2025-08,Chile,Corporativo,40554.91,1218.54,443.02,11.65,-103.03,-244.22,41880.87,361,13,2,372
2025-08,Chile,Siigo POS,10487.76,451.15,91.58,10.42,-10.77,-218.57,10811.58,417,21,9,429
2025-08,Chile,POS Gastrobar,5370.75,255.27,50.46,6.32,-12.83,-132.67,5537.3,161,9,4,166
2025-09,Chile,Siigo Contador,0.0,0.0,0.0,0.0,-0.0,-0.0,0.0,727,30,9,748
2025-09,Chile,Profesional Independiente,69543.43,3437.58,510.54,83.75,-89.95,-1759.19,71726.17,1694,99,43,1750
2025-09,Chile,Emprendedor,91113.77,3777.91,929.53,68.98,-125.67,-1445.03,94319.5,1661,81,26,1716
2025-09,Chile,Premium,56879.66,2033.92,548.71,30.97,-119.09,-649.49,58724.67,950,40,11,978
2025-09,Chile,Corporativo,41880.87,1142.31,385.0,11.07,-139.14,-232.64,43047.47,372,12,2,382
2025-09,Chile,Siigo POS,10811.58,477.49,91.8,10.44,-17.36,-219.22,11154.73,429,22,9,443
2025-09,Chile,POS Gastrobar,5537.3,232.33,46.2,6.38,-11.09,-133.96,5677.16,166,8,4,170
2025-10,Chile,Siigo Contador,0.0,0.0,0.0,0.0,-0.0,-0.0,0.0,748,33,10,771
2025-10,Chile,Profesional Independiente,71726.17,3295.64,622.67,85.81,-171.4,-1801.99,73756.89,1750,95,44,1801
2025-10,Chile,Emprendedor,94319.5,3724.8,719.15,72.56,-197.09,-1524.99,97113.94,1716,80,28,1768
2025-10,Chile,Premium,58724.67,2100.33,540.86,30.32,-110.57,-636.05,60649.55,978,41,11,1009
2025-10,Chile,Corporativo,43047.47,1273.59,545.48,11.99,-74.02,-250.54,44553.98,382,13,2,392
2025-10,Chile,Siigo POS,11154.73,449.1,72.72,11.67,-29.12,-245.74,11413.36,443,21,10,454
2025-10,Chile,POS Gastrobar,5677.16,255.6,49.89,6.8,-4.88,-142.56,5842.01,170,9,4,175
2025-11,Chile,Siigo Contador,0.0,0.0,0.0,0.0,-0.0,-0.0,0.0,771,32,10,793
2025-11,Chile,Profesional Independiente,73756.89,3247.59,654.39,85.23,-169.68,-1789.46,75784.97,1801,94,44,1851
2025-11,Chile,Emprendedor,97113.94,3668.09,770.42,74.53,-185.04,-1565.51,99876.43,1768,79,28,1818
2025-11,Chile,Premium,60649.55,1948.48,524.24,31.32,-117.14,-657.39,62379.06,1009,38,11,1036
2025-11,Chile,Corporativo,44553.98,1262.52,344.28,12.18,-140.2,-256.26,45776.5,392,13,2,403
2025-11,Chile,Siigo POS,11413.36,470.62,86.52,10.68,-31.39,-224.71,11725.09,454,22,9,468
2025-11,Chile,POS Gastrobar,5842.01,268.58,31.01,6.52,-7.51,-137.14,6003.46,175,10,4,180
2025-12,Chile,Siigo Contador,0.0,0.0,0.0,0.0,-0.0,-0.0,0.0,793,29,13,810
2025-12,Chile,Profesional Independiente,75784.97,3098.37,784.89,105.69,-186.0,-2216.05,77371.87,1851,90,54,1887
2025-12,Chile,Emprendedor,99876.43,2703.93,802.72,80.59,-247.39,-1693.76,101522.53,1818,59,31,1845
2025-12,Chile,Premium,62379.06,1791.61,615.7,35.38,-154.96,-742.21,63924.59,1036,35,12,1059
2025-12,Chile,Corporativo,45776.5,1041.09,311.0,14.81,-89.65,-311.4,46742.35,403,11,3,411
2025-12,Chile,Siigo POS,11725.09,478.79,99.51,13.03,-45.5,-274.2,11996.73,468,23,11,479
2025-12,Chile,POS Gastrobar,6003.46,219.73,61.21,8.13,-8.62,-170.26,6113.66,180,8,5,183
2026-01,Chile,Siigo Contador,0.0,0.0,0.0,0.0,-0.0,-0.0,0.0,810,46,14,842
2026-01,Chile,Profesional Independiente,77371.87,4287.06,4648.43,200.27,-95.13,-2445.26,83967.23,1887,120,60,1947
2026-01,Chile,Emprendedor,101522.53,5521.17,6432.79,179.42,-368.96,-2188.85,111098.11,1845,114,40,1919
2026-01,Chile,Premium,63924.59,3076.78,3918.03,79.71,-180.65,-973.54,69844.91,1059,57,16,1100
2026-01,Chile,Corporativo,46742.35,1891.99,2863.85,27.38,-88.29,-334.17,51103.1,411,19,3,427
2026-01,Chile,Siigo POS,11996.73,707.25,748.83,27.14,-25.81,-330.87,13123.26,479,32,13,498
2026-01,Chile,POS Gastrobar,6113.66,417.47,403.89,16.32,-6.15,-198.07,6747.12,183,14,6,191
2026-02,Chile,Siigo Contador,0.0,0.0,0.0,0.0,-0.0,-0.0,0.0,842,41,11,871
2026-02,Chile,Profesional Independiente,83967.23,4407.88,900.96,168.44,-139.57,-2158.07,87146.88,1947,122,50,2019
2026-02,Chile,Emprendedor,111098.11,4125.22,856.33,125.56,-203.86,-1613.86,114387.5,1919,85,28,1976
2026-02,Chile,Premium,69844.91,2494.1,761.76,65.85,-97.77,-843.35,72225.5,1100,46,13,1133
2026-02,Chile,Corporativo,51103.1,1738.96,392.96,19.73,-87.41,-253.62,52913.74,427,17,2,442
2026-02,Chile,Siigo POS,13123.26,661.51,140.65,22.32,-38.57,-286.38,13622.79,498,30,11,517
2026-02,Chile,POS Gastrobar,6747.12,384.87,57.65,13.64,-16.51,-175.24,7011.52,191,13,5,200
2026-03,Chile,Siigo Contador,0.0,0.0,0.0,0.0,-0.0,-0.0,0.0,871,41,12,900
2026-03,Chile,Profesional Independiente,87146.88,4046.84,706.51,148.24,-137.13,-1904.06,90007.28,2019,112,44,2087
2026-03,Chile,Emprendedor,114387.5,4189.51,1190.46,130.18,-186.4,-1668.31,118042.93,1976,86,29,2033
2026-03,Chile,Premium,72225.5,2723.79,625.24,60.53,-83.64,-776.68,74774.74,1133,50,12,1171
2026-03,Chile,Corporativo,52913.74,1616.16,488.7,21.64,-106.98,-277.76,54655.5,442,16,2,455
2026-03,Chile,Siigo POS,13622.79,592.63,92.54,20.32,-16.79,-261.2,14050.29,517,27,10,534
2026-03,Chile,POS Gastrobar,7011.52,333.68,58.86,13.04,-8.01,-167.42,7241.67,200,11,5,206
2026-04,Chile,Siigo Contador,0.0,0.0,0.0,0.0,-0.0,-0.0,0.0,900,39,12,927
2026-04,Chile,Profesional Independiente,90007.28,3688.86,865.81,159.29,-84.32,-2041.65,92595.27,2087,103,47,2143
2026-04,Chile,Emprendedor,118042.93,4607.16,1017.43,144.31,-260.74,-1853.75,121697.34,2033,94,32,2096
2026-04,Chile,Premium,74774.74,2638.07,424.54,60.75,-63.39,-781.68,77053.05,1171,49,12,1208
2026-04,Chile,Corporativo,54655.5,1623.42,471.52,25.95,-104.22,-333.23,56338.94,455,16,3,468
2026-04,Chile,Siigo POS,14050.29,587.55,110.21,21.95,-53.65,-282.67,14433.68,534,27,11,550
2026-04,Chile,POS Gastrobar,7241.67,329.47,51.06,13.49,-18.29,-173.68,7443.73,206,11,5,212
2026-05,Chile,Siigo Contador,0.0,0.0,0.0,0.0,-0.0,-0.0,0.0,927,37,12,951
2026-05,Chile,Profesional Independiente,92595.27,3899.2,714.16,108.21,-158.77,-2273.24,94884.83,2143,107,53,2197
2026-05,Chile,Emprendedor,121697.34,4224.4,1128.21,95.52,-235.85,-2003.81,124905.82,2096,86,35,2147
2026-05,Chile,Premium,77053.05,2515.81,929.52,39.56,-131.44,-827.49,79579.01,1208,46,13,1241
2026-05,Chile,Corporativo,56338.94,1592.25,632.65,15.26,-104.18,-319.45,58155.46,468,15,3,481
2026-05,Chile,Siigo POS,14433.68,561.56,158.37,13.31,-54.12,-279.2,14833.61,550,25,11,565
2026-05,Chile,POS Gastrobar,7443.73,332.18,68.22,8.97,-14.29,-188.12,7650.69,212,11,5,218
2026-06,Chile,Siigo Contador,0.0,0.0,0.0,0.0,-0.0,-0.0,0.0,951,37,13,975
2026-06,Chile,Profesional Independiente,94884.83,3956.45,749.65,111.63,-177.1,-2344.79,97180.67,2197,109,54,2251
2026-06,Chile,Emprendedor,124905.82,4329.81,839.74,87.08,-197.83,-1830.9,128133.71,2147,88,31,2203
2026-06,Chile,Premium,79579.01,2328.26,685.38,43.98,-194.22,-923.71,81518.71,1241,43,14,1269
2026-06,Chile,Corporativo,58155.46,1601.38,602.94,16.42,-147.11,-344.23,59884.86,481,15,3,494
2026-06,Chile,Siigo POS,14833.61,553.23,128.89,14.95,-39.18,-313.94,15177.55,565,25,12,578
2026-06,Chile,POS Gastrobar,7650.69,308.14,77.33,8.94,-19.87,-187.59,7837.64,218,10,5,223
2026-07,Chile,Siigo Contador,0.0,0.0,0.0,0.0,-0.0,-0.0,0.0,975,32,12,995
2026-07,Chile,Profesional Independiente,97180.67,4067.64,743.75,107.37,-251.12,-2257.59,99590.72,2251,112,52,2311
2026-07,Chile,Emprendedor,128133.71,4939.1,1052.05,95.97,-281.62,-2015.92,131923.28,2203,100,35,2268
2026-07,Chile,Premium,81518.71,2855.19,734.59,40.28,-197.35,-845.67,84105.75,1269,52,13,1308
2026-07,Chile,Corporativo,59884.86,1705.51,502.83,15.09,-48.0,-316.59,61743.71,494,16,3,507
2026-07,Chile,Siigo POS,15177.55,603.5,149.29,15.1,-28.43,-316.61,15600.41,578,27,12,593
2026-07,Chile,POS Gastrobar,7837.64,334.7,83.84,9.37,-18.79,-196.3,8050.46,223,11,6,229
2026-08,Chile,Siigo Contador,0.0,0.0,0.0,0.0,-0.0,-0.0,0.0,995,47,12,1030
2026-08,Chile,Profesional Independiente,99590.72,4820.16,1006.38,107.14,-162.6,-2245.05,103116.75,2311,132,52,2390
2026-08,Chile,Emprendedor,131923.28,5279.15,1135.86,92.93,-292.01,-1951.42,136187.79,2268,107,34,2341
2026-08,Chile,Premium,84105.75,2941.26,850.38,45.24,-262.81,-949.35,86730.45,1308,54,15,1347
2026-08,Chile,Corporativo,61743.71,1755.92,488.24,15.89,-136.91,-333.84,63533.0,507,17,3,521
2026-08,Chile,Siigo POS,15600.41,624.67,148.7,16.51,-42.52,-346.49,16001.29,593,28,13,608
2026-08,Chile,POS Gastrobar,8050.46,345.73,58.32,9.31,-19.83,-195.8,8248.18,229,12,6,235
