cohorte,pais,mes_vida,clientes_inicial,clientes_retenidos,retencion_pct,retencion_mrr_pct
2024-09,Colombia,0,2143,2143,100.0,100.0
2024-09,Colombia,1,2143,2041,95.24,96.11
2024-09,Colombia,2,2143,1990,92.9,94.59
2024-09,Colombia,3,2143,1959,91.44,93.94
2024-09,Colombia,4,2143,1929,90.04,93.31
2024-09,Colombia,5,2143,1900,88.68,92.72
2024-09,Colombia,6,2143,1872,87.38,92.15
2024-09,Colombia,7,2143,1845,86.13,91.62
2024-09,Colombia,8,2143,1819,84.92,91.11
2024-09,Colombia,9,2143,1795,83.77,90.63
2024-09,Colombia,10,2143,1771,82.65,90.17
2024-09,Colombia,11,2143,1748,81.58,89.75
2024-09,Colombia,12,2143,1726,80.55,89.35
2024-09,Colombia,13,2143,1705,79.56,88.98
2024-09,Colombia,14,2143,1684,78.62,88.63
2024-09,Colombia,15,2143,1665,77.7,88.31
2024-09,Colombia,16,2143,1646,76.83,88.02
2024-09,Colombia,17,2143,1628,76.0,87.75
2024-09,Colombia,18,2143,1611,75.19,87.51
2024-09,Colombia,19,2143,1594,74.43,87.3
2024-09,Colombia,20,2143,1579,73.69,87.11
2024-09,Colombia,21,2143,1564,72.99,86.94
2024-09,Colombia,22,2143,1549,72.32,86.8
2024-09,Colombia,23,2143,1535,71.67,86.67
2024-09,México,0,1515,1515,100.0,100.0
2024-09,México,1,1515,1421,93.85,94.71
2024-09,México,2,1515,1376,90.87,92.52
2024-09,México,3,1515,1348,89.02,91.45
2024-09,México,4,1515,1321,87.25,90.43
2024-09,México,5,1515,1296,85.56,89.45
2024-09,México,6,1515,1271,83.94,88.52
2024-09,México,7,1515,1248,82.38,87.63
2024-09,México,8,1515,1225,80.89,86.78
2024-09,México,9,1515,1203,79.46,85.97
2024-09,México,10,1515,1183,78.1,85.2
2024-09,México,11,1515,1163,76.79,84.48
2024-09,México,12,1515,1144,75.54,83.79
2024-09,México,13,1515,1126,74.34,83.13
2024-09,México,14,1515,1108,73.19,82.52
2024-09,México,15,1515,1092,72.1,81.94
2024-09,México,16,1515,1076,71.05,81.4
2024-09,México,17,1515,1061,70.05,80.89
2024-09,México,18,1515,1046,69.1,80.41
2024-09,México,19,1515,1033,68.19,79.97
2024-09,México,20,1515,1019,67.32,79.57
2024-09,México,21,1515,1007,66.49,79.2
2024-09,México,22,1515,995,65.7,78.85
2024-09,México,23,1515,983,64.94,78.53
2024-09,Ecuador,0,627,627,100.0,100.0
2024-09,Ecuador,1,627,594,94.84,95.7
2024-09,Ecuador,2,627,578,92.31,93.99
2024-09,Ecuador,3,627,568,90.73,93.21
2024-09,Ecuador,4,627,559,89.22,92.47
2024-09,Ecuador,5,627,550,87.76,91.76
2024-09,Ecuador,6,627,541,86.37,91.08
2024-09,Ecuador,7,627,533,85.02,90.44
2024-09,Ecuador,8,627,524,83.73,89.83
2024-09,Ecuador,9,627,517,82.49,89.25
2024-09,Ecuador,10,627,509,81.3,88.7
2024-09,Ecuador,11,627,502,80.16,88.18
2024-09,Ecuador,12,627,495,79.06,87.69
2024-09,Ecuador,13,627,489,78.01,87.24
2024-09,Ecuador,14,627,482,77.0,86.81
2024-09,Ecuador,15,627,476,76.03,86.41
2024-09,Ecuador,16,627,470,75.1,86.04
2024-09,Ecuador,17,627,465,74.22,85.7
2024-09,Ecuador,18,627,460,73.37,85.38
2024-09,Ecuador,19,627,454,72.55,85.1
2024-09,Ecuador,20,627,450,71.78,84.84
2024-09,Ecuador,21,627,445,71.04,84.61
2024-09,Ecuador,22,627,440,70.33,84.41
2024-09,Ecuador,23,627,436,69.64,84.22
2024-09,Perú,0,470,470,100.0,100.0
2024-09,Perú,1,470,444,94.61,95.47
2024-09,Perú,2,470,432,91.97,93.64
2024-09,Perú,3,470,424,90.33,92.79
2024-09,Perú,4,470,417,88.75,91.98
2024-09,Perú,5,470,410,87.24,91.21
2024-09,Perú,6,470,403,85.79,90.47
2024-09,Perú,7,470,396,84.39,89.77
2024-09,Perú,8,470,390,83.06,89.1
2024-09,Perú,9,470,384,81.77,88.47
2024-09,Perú,10,470,378,80.54,87.87
2024-09,Perú,11,470,372,79.35,87.3
2024-09,Perú,12,470,367,78.22,86.76
2024-09,Perú,13,470,362,77.13,86.25
2024-09,Perú,14,470,357,76.09,85.78
2024-09,Perú,15,470,352,75.09,85.34
2024-09,Perú,16,470,348,74.13,84.92
2024-09,Perú,17,470,344,73.22,84.54
2024-09,Perú,18,470,339,72.34,84.19
2024-09,Perú,19,470,336,71.5,83.87
2024-09,Perú,20,470,332,70.7,83.57
2024-09,Perú,21,470,328,69.94,83.31
2024-09,Perú,22,470,325,69.21,83.07
2024-09,Perú,23,470,321,68.51,82.84
2024-09,Uruguay,0,261,261,100.0,100.0
2024-09,Uruguay,1,261,250,95.91,96.78
2024-09,Uruguay,2,261,245,93.88,95.59
2024-09,Uruguay,3,261,241,92.61,95.14
2024-09,Uruguay,4,261,238,91.39,94.72
2024-09,Uruguay,5,261,235,90.21,94.31
2024-09,Uruguay,6,261,232,89.07,93.94
2024-09,Uruguay,7,261,229,87.97,93.58
2024-09,Uruguay,8,261,226,86.92,93.24
2024-09,Uruguay,9,261,224,85.9,92.93
2024-09,Uruguay,10,261,221,84.91,92.64
2024-09,Uruguay,11,261,219,83.97,92.37
2024-09,Uruguay,12,261,216,83.06,92.13
2024-09,Uruguay,13,261,214,82.18,91.9
2024-09,Uruguay,14,261,212,81.34,91.7
2024-09,Uruguay,15,261,210,80.53,91.52
2024-09,Uruguay,16,261,208,79.75,91.36
2024-09,Uruguay,17,261,206,79.01,91.23
2024-09,Uruguay,18,261,204,78.29,91.11
2024-09,Uruguay,19,261,202,77.6,91.02
2024-09,Uruguay,20,261,200,76.94,90.95
2024-09,Uruguay,21,261,199,76.32,90.9
2024-09,Uruguay,22,261,197,75.71,90.87
2024-09,Uruguay,23,261,196,75.13,90.85
2024-09,Chile,0,209,209,100.0,100.0
2024-09,Chile,1,209,195,93.36,94.21
2024-09,Chile,2,209,188,90.15,91.79
2024-09,Chile,3,209,184,88.17,90.58
2024-09,Chile,4,209,180,86.28,89.42
2024-09,Chile,5,209,176,84.47,88.32
2024-09,Chile,6,209,172,82.74,87.26
2024-09,Chile,7,209,169,81.09,86.25
2024-09,Chile,8,209,166,79.5,85.29
2024-09,Chile,9,209,162,77.99,84.37
2024-09,Chile,10,209,159,76.54,83.5
2024-09,Chile,11,209,157,75.15,82.68
2024-09,Chile,12,209,154,73.83,81.89
2024-09,Chile,13,209,151,72.57,81.15
2024-09,Chile,14,209,149,71.36,80.45
2024-09,Chile,15,209,146,70.2,79.79
2024-09,Chile,16,209,144,69.1,79.16
2024-09,Chile,17,209,142,68.05,78.58
2024-09,Chile,18,209,140,67.05,78.03
2024-09,Chile,19,209,138,66.09,77.52
2024-09,Chile,20,209,136,65.18,77.05
2024-09,Chile,21,209,134,64.32,76.61
2024-09,Chile,22,209,132,63.5,76.21
2024-09,Chile,23,209,131,62.7,75.82
2024-10,Colombia,0,2282,2282,100.0,100.0
2024-10,Colombia,1,2282,2173,95.24,96.11
2024-10,Colombia,2,2282,2120,92.9,94.59
2024-10,Colombia,3,2282,2086,91.44,93.94
2024-10,Colombia,4,2282,2054,90.04,93.31
2024-10,Colombia,5,2282,2023,88.68,92.72
2024-10,Colombia,6,2282,1994,87.38,92.15
2024-10,Colombia,7,2282,1965,86.13,91.62
2024-10,Colombia,8,2282,1937,84.92,91.11
2024-10,Colombia,9,2282,1911,83.77,90.63
2024-10,Colombia,10,2282,1886,82.65,90.17
2024-10,Colombia,11,2282,1861,81.58,89.75
2024-10,Colombia,12,2282,1838,80.55,89.35
2024-10,Colombia,13,2282,1815,79.56,88.98
2024-10,Colombia,14,2282,1793,78.62,88.63
2024-10,Colombia,15,2282,1773,77.7,88.31
2024-10,Colombia,16,2282,1753,76.83,88.02
2024-10,Colombia,17,2282,1734,76.0,87.75
2024-10,Colombia,18,2282,1715,75.19,87.51
2024-10,Colombia,19,2282,1698,74.43,87.3
2024-10,Colombia,20,2282,1681,73.69,87.11
2024-10,Colombia,21,2282,1665,72.99,86.94
2024-10,Colombia,22,2282,1650,72.32,86.8
2024-10,México,0,1614,1614,100.0,100.0
2024-10,México,1,1614,1514,93.85,94.71
2024-10,México,2,1614,1466,90.87,92.52
2024-10,México,3,1614,1436,89.02,91.45
2024-10,México,4,1614,1408,87.25,90.43
2024-10,México,5,1614,1380,85.56,89.45
2024-10,México,6,1614,1354,83.94,88.52
2024-10,México,7,1614,1329,82.38,87.63
2024-10,México,8,1614,1305,80.89,86.78
2024-10,México,9,1614,1282,79.46,85.97
2024-10,México,10,1614,1260,78.1,85.2
2024-10,México,11,1614,1239,76.79,84.48
2024-10,México,12,1614,1219,75.54,83.79
2024-10,México,13,1614,1199,74.34,83.13
2024-10,México,14,1614,1181,73.19,82.52
2024-10,México,15,1614,1163,72.1,81.94
2024-10,México,16,1614,1146,71.05,81.4
2024-10,México,17,1614,1130,70.05,80.89
2024-10,México,18,1614,1115,69.1,80.41
2024-10,México,19,1614,1100,68.19,79.97
2024-10,México,20,1614,1086,67.32,79.57
2024-10,México,21,1614,1073,66.49,79.2
2024-10,México,22,1614,1060,65.7,78.85
2024-10,Ecuador,0,667,667,100.0,100.0
2024-10,Ecuador,1,667,632,94.84,95.7
2024-10,Ecuador,2,667,615,92.31,93.99
2024-10,Ecuador,3,667,605,90.73,93.21
2024-10,Ecuador,4,667,595,89.22,92.47
2024-10,Ecuador,5,667,585,87.76,91.76
2024-10,Ecuador,6,667,576,86.37,91.08
2024-10,Ecuador,7,667,567,85.02,90.44
2024-10,Ecuador,8,667,558,83.73,89.83
2024-10,Ecuador,9,667,550,82.49,89.25
2024-10,Ecuador,10,667,542,81.3,88.7
2024-10,Ecuador,11,667,534,80.16,88.18
2024-10,Ecuador,12,667,527,79.06,87.69
2024-10,Ecuador,13,667,520,78.01,87.24
2024-10,Ecuador,14,667,513,77.0,86.81
2024-10,Ecuador,15,667,507,76.03,86.41
2024-10,Ecuador,16,667,500,75.1,86.04
2024-10,Ecuador,17,667,495,74.22,85.7
2024-10,Ecuador,18,667,489,73.37,85.38
2024-10,Ecuador,19,667,483,72.55,85.1
2024-10,Ecuador,20,667,478,71.78,84.84
2024-10,Ecuador,21,667,473,71.04,84.61
2024-10,Ecuador,22,667,469,70.33,84.41
2024-10,Perú,0,500,500,100.0,100.0
2024-10,Perú,1,500,473,94.61,95.47
2024-10,Perú,2,500,459,91.97,93.64
2024-10,Perú,3,500,451,90.33,92.79
2024-10,Perú,4,500,443,88.75,91.98
2024-10,Perú,5,500,436,87.24,91.21
2024-10,Perú,6,500,428,85.79,90.47
2024-10,Perú,7,500,421,84.39,89.77
2024-10,Perú,8,500,415,83.06,89.1
2024-10,Perú,9,500,408,81.77,88.47
2024-10,Perú,10,500,402,80.54,87.87
2024-10,Perú,11,500,396,79.35,87.3
2024-10,Perú,12,500,391,78.22,86.76
2024-10,Perú,13,500,385,77.13,86.25
2024-10,Perú,14,500,380,76.09,85.78
2024-10,Perú,15,500,375,75.09,85.34
2024-10,Perú,16,500,370,74.13,84.92
2024-10,Perú,17,500,366,73.22,84.54
2024-10,Perú,18,500,361,72.34,84.19
2024-10,Perú,19,500,357,71.5,83.87
2024-10,Perú,20,500,353,70.7,83.57
2024-10,Perú,21,500,349,69.94,83.31
2024-10,Perú,22,500,346,69.21,83.07
2024-10,Uruguay,0,278,278,100.0,100.0
2024-10,Uruguay,1,278,266,95.91,96.78
2024-10,Uruguay,2,278,260,93.88,95.59
2024-10,Uruguay,3,278,257,92.61,95.14
2024-10,Uruguay,4,278,254,91.39,94.72
2024-10,Uruguay,5,278,250,90.21,94.31
2024-10,Uruguay,6,278,247,89.07,93.94
2024-10,Uruguay,7,278,244,87.97,93.58
2024-10,Uruguay,8,278,241,86.92,93.24
2024-10,Uruguay,9,278,238,85.9,92.93
2024-10,Uruguay,10,278,236,84.91,92.64
2024-10,Uruguay,11,278,233,83.97,92.37
2024-10,Uruguay,12,278,230,83.06,92.13
2024-10,Uruguay,13,278,228,82.18,91.9
2024-10,Uruguay,14,278,226,81.34,91.7
2024-10,Uruguay,15,278,223,80.53,91.52
2024-10,Uruguay,16,278,221,79.75,91.36
2024-10,Uruguay,17,278,219,79.01,91.23
2024-10,Uruguay,18,278,217,78.29,91.11
2024-10,Uruguay,19,278,215,77.6,91.02
2024-10,Uruguay,20,278,213,76.94,90.95
2024-10,Uruguay,21,278,212,76.32,90.9
2024-10,Uruguay,22,278,210,75.71,90.87
2024-10,Chile,0,222,222,100.0,100.0
2024-10,Chile,1,222,207,93.36,94.21
2024-10,Chile,2,222,200,90.15,91.79
2024-10,Chile,3,222,195,88.17,90.58
2024-10,Chile,4,222,191,86.28,89.42
2024-10,Chile,5,222,187,84.47,88.32
2024-10,Chile,6,222,183,82.74,87.26
2024-10,Chile,7,222,180,81.09,86.25
2024-10,Chile,8,222,176,79.5,85.29
2024-10,Chile,9,222,173,77.99,84.37
2024-10,Chile,10,222,169,76.54,83.5
2024-10,Chile,11,222,166,75.15,82.68
2024-10,Chile,12,222,163,73.83,81.89
2024-10,Chile,13,222,161,72.57,81.15
2024-10,Chile,14,222,158,71.36,80.45
2024-10,Chile,15,222,155,70.2,79.79
2024-10,Chile,16,222,153,69.1,79.16
2024-10,Chile,17,222,151,68.05,78.58
2024-10,Chile,18,222,148,67.05,78.03
2024-10,Chile,19,222,146,66.09,77.52
2024-10,Chile,20,222,144,65.18,77.05
2024-10,Chile,21,222,142,64.32,76.61
2024-10,Chile,22,222,140,63.5,76.21
2024-11,Colombia,0,2008,2008,100.0,100.0
2024-11,Colombia,1,2008,1912,95.24,96.11
2024-11,Colombia,2,2008,1865,92.9,94.59
2024-11,Colombia,3,2008,1836,91.44,93.94
2024-11,Colombia,4,2008,1807,90.04,93.31
2024-11,Colombia,5,2008,1780,88.68,92.72
2024-11,Colombia,6,2008,1754,87.38,92.15
2024-11,Colombia,7,2008,1729,86.13,91.62
2024-11,Colombia,8,2008,1705,84.92,91.11
2024-11,Colombia,9,2008,1682,83.77,90.63
2024-11,Colombia,10,2008,1659,82.65,90.17
2024-11,Colombia,11,2008,1638,81.58,89.75
2024-11,Colombia,12,2008,1617,80.55,89.35
2024-11,Colombia,13,2008,1597,79.56,88.98
2024-11,Colombia,14,2008,1578,78.62,88.63
2024-11,Colombia,15,2008,1560,77.7,88.31
2024-11,Colombia,16,2008,1542,76.83,88.02
2024-11,Colombia,17,2008,1525,76.0,87.75
2024-11,Colombia,18,2008,1509,75.19,87.51
2024-11,Colombia,19,2008,1494,74.43,87.3
2024-11,Colombia,20,2008,1479,73.69,87.11
2024-11,Colombia,21,2008,1465,72.99,86.94
2024-11,México,0,1420,1420,100.0,100.0
2024-11,México,1,1420,1332,93.85,94.71
2024-11,México,2,1420,1290,90.87,92.52
2024-11,México,3,1420,1264,89.02,91.45
2024-11,México,4,1420,1239,87.25,90.43
2024-11,México,5,1420,1214,85.56,89.45
2024-11,México,6,1420,1191,83.94,88.52
2024-11,México,7,1420,1169,82.38,87.63
2024-11,México,8,1420,1148,80.89,86.78
2024-11,México,9,1420,1128,79.46,85.97
2024-11,México,10,1420,1108,78.1,85.2
2024-11,México,11,1420,1090,76.79,84.48
2024-11,México,12,1420,1072,75.54,83.79
2024-11,México,13,1420,1055,74.34,83.13
2024-11,México,14,1420,1039,73.19,82.52
2024-11,México,15,1420,1023,72.1,81.94
2024-11,México,16,1420,1008,71.05,81.4
2024-11,México,17,1420,994,70.05,80.89
2024-11,México,18,1420,981,69.1,80.41
2024-11,México,19,1420,968,68.19,79.97
2024-11,México,20,1420,955,67.32,79.57
2024-11,México,21,1420,944,66.49,79.2
2024-11,Ecuador,0,587,587,100.0,100.0
2024-11,Ecuador,1,587,556,94.84,95.7
2024-11,Ecuador,2,587,541,92.31,93.99
2024-11,Ecuador,3,587,532,90.73,93.21
2024-11,Ecuador,4,587,523,89.22,92.47
2024-11,Ecuador,5,587,515,87.76,91.76
2024-11,Ecuador,6,587,506,86.37,91.08
2024-11,Ecuador,7,587,499,85.02,90.44
2024-11,Ecuador,8,587,491,83.73,89.83
2024-11,Ecuador,9,587,484,82.49,89.25
2024-11,Ecuador,10,587,477,81.3,88.7
2024-11,Ecuador,11,587,470,80.16,88.18
2024-11,Ecuador,12,587,464,79.06,87.69
2024-11,Ecuador,13,587,457,78.01,87.24
2024-11,Ecuador,14,587,451,77.0,86.81
2024-11,Ecuador,15,587,446,76.03,86.41
2024-11,Ecuador,16,587,440,75.1,86.04
2024-11,Ecuador,17,587,435,74.22,85.7
2024-11,Ecuador,18,587,430,73.37,85.38
2024-11,Ecuador,19,587,425,72.55,85.1
2024-11,Ecuador,20,587,421,71.78,84.84
2024-11,Ecuador,21,587,416,71.04,84.61
2024-11,Perú,0,440,440,100.0,100.0
2024-11,Perú,1,440,416,94.61,95.47
2024-11,Perú,2,440,404,91.97,93.64
2024-11,Perú,3,440,397,90.33,92.79
2024-11,Perú,4,440,390,88.75,91.98
2024-11,Perú,5,440,383,87.24,91.21
2024-11,Perú,6,440,377,85.79,90.47
2024-11,Perú,7,440,371,84.39,89.77
2024-11,Perú,8,440,365,83.06,89.1
2024-11,Perú,9,440,359,81.77,88.47
2024-11,Perú,10,440,354,80.54,87.87
2024-11,Perú,11,440,349,79.35,87.3
2024-11,Perú,12,440,344,78.22,86.76
2024-11,Perú,13,440,339,77.13,86.25
2024-11,Perú,14,440,334,76.09,85.78
2024-11,Perú,15,440,330,75.09,85.34
2024-11,Perú,16,440,326,74.13,84.92
2024-11,Perú,17,440,322,73.22,84.54
2024-11,Perú,18,440,318,72.34,84.19
2024-11,Perú,19,440,314,71.5,83.87
2024-11,Perú,20,440,311,70.7,83.57
2024-11,Perú,21,440,307,69.94,83.31
2024-11,Uruguay,0,244,244,100.0,100.0
2024-11,Uruguay,1,244,234,95.91,96.78
2024-11,Uruguay,2,244,229,93.88,95.59
2024-11,Uruguay,3,244,225,92.61,95.14
2024-11,Uruguay,4,244,222,91.39,94.72
2024-11,Uruguay,5,244,220,90.21,94.31
2024-11,Uruguay,6,244,217,89.07,93.94
2024-11,Uruguay,7,244,214,87.97,93.58
2024-11,Uruguay,8,244,212,86.92,93.24
2024-11,Uruguay,9,244,209,85.9,92.93
2024-11,Uruguay,10,244,207,84.91,92.64
2024-11,Uruguay,11,244,204,83.97,92.37
2024-11,Uruguay,12,244,202,83.06,92.13
2024-11,Uruguay,13,244,200,82.18,91.9
2024-11,Uruguay,14,244,198,81.34,91.7
2024-11,Uruguay,15,244,196,80.53,91.52
2024-11,Uruguay,16,244,194,79.75,91.36
2024-11,Uruguay,17,244,192,79.01,91.23
2024-11,Uruguay,18,244,191,78.29,91.11
2024-11,Uruguay,19,244,189,77.6,91.02
2024-11,Uruguay,20,244,187,76.94,90.95
2024-11,Uruguay,21,244,186,76.32,90.9
2024-11,Chile,0,195,195,100.0,100.0
2024-11,Chile,1,195,182,93.36,94.21
2024-11,Chile,2,195,175,90.15,91.79
2024-11,Chile,3,195,171,88.17,90.58
2024-11,Chile,4,195,168,86.28,89.42
2024-11,Chile,5,195,164,84.47,88.32
2024-11,Chile,6,195,161,82.74,87.26
2024-11,Chile,7,195,158,81.09,86.25
2024-11,Chile,8,195,155,79.5,85.29
2024-11,Chile,9,195,152,77.99,84.37
2024-11,Chile,10,195,149,76.54,83.5
2024-11,Chile,11,195,146,75.15,82.68
2024-11,Chile,12,195,143,73.83,81.89
2024-11,Chile,13,195,141,72.57,81.15
2024-11,Chile,14,195,139,71.36,80.45
2024-11,Chile,15,195,136,70.2,79.79
2024-11,Chile,16,195,134,69.1,79.16
2024-11,Chile,17,195,132,68.05,78.58
2024-11,Chile,18,195,130,67.05,78.03
2024-11,Chile,19,195,128,66.09,77.52
2024-11,Chile,20,195,127,65.18,77.05
2024-11,Chile,21,195,125,64.32,76.61
2024-12,Colombia,0,2338,2338,100.0,100.0
2024-12,Colombia,1,2338,2226,95.24,96.11
2024-12,Colombia,2,2338,2172,92.9,94.59
2024-12,Colombia,3,2338,2137,91.44,93.94
2024-12,Colombia,4,2338,2105,90.04,93.31
2024-12,Colombia,5,2338,2073,88.68,92.72
2024-12,Colombia,6,2338,2042,87.38,92.15
2024-12,Colombia,7,2338,2013,86.13,91.62
2024-12,Colombia,8,2338,1985,84.92,91.11
2024-12,Colombia,9,2338,1958,83.77,90.63
2024-12,Colombia,10,2338,1932,82.65,90.17
2024-12,Colombia,11,2338,1907,81.58,89.75
2024-12,Colombia,12,2338,1883,80.55,89.35
2024-12,Colombia,13,2338,1860,79.56,88.98
2024-12,Colombia,14,2338,1838,78.62,88.63
2024-12,Colombia,15,2338,1816,77.7,88.31
2024-12,Colombia,16,2338,1796,76.83,88.02
2024-12,Colombia,17,2338,1776,76.0,87.75
2024-12,Colombia,18,2338,1758,75.19,87.51
2024-12,Colombia,19,2338,1740,74.43,87.3
2024-12,Colombia,20,2338,1722,73.69,87.11
2024-12,México,0,1654,1654,100.0,100.0
2024-12,México,1,1654,1552,93.85,94.71
2024-12,México,2,1654,1502,90.87,92.52
2024-12,México,3,1654,1472,89.02,91.45
2024-12,México,4,1654,1443,87.25,90.43
2024-12,México,5,1654,1415,85.56,89.45
2024-12,México,6,1654,1388,83.94,88.52
2024-12,México,7,1654,1362,82.38,87.63
2024-12,México,8,1654,1337,80.89,86.78
2024-12,México,9,1654,1314,79.46,85.97
2024-12,México,10,1654,1291,78.1,85.2
2024-12,México,11,1654,1270,76.79,84.48
2024-12,México,12,1654,1249,75.54,83.79
2024-12,México,13,1654,1229,74.34,83.13
2024-12,México,14,1654,1210,73.19,82.52
2024-12,México,15,1654,1192,72.1,81.94
2024-12,México,16,1654,1175,71.05,81.4
2024-12,México,17,1654,1158,70.05,80.89
2024-12,México,18,1654,1142,69.1,80.41
2024-12,México,19,1654,1127,68.19,79.97
2024-12,México,20,1654,1113,67.32,79.57
2024-12,Ecuador,0,684,684,100.0,100.0
2024-12,Ecuador,1,684,648,94.84,95.7
2024-12,Ecuador,2,684,631,92.31,93.99
2024-12,Ecuador,3,684,620,90.73,93.21
2024-12,Ecuador,4,684,610,89.22,92.47
2024-12,Ecuador,5,684,600,87.76,91.76
2024-12,Ecuador,6,684,590,86.37,91.08
2024-12,Ecuador,7,684,581,85.02,90.44
2024-12,Ecuador,8,684,572,83.73,89.83
2024-12,Ecuador,9,684,564,82.49,89.25
2024-12,Ecuador,10,684,556,81.3,88.7
2024-12,Ecuador,11,684,548,80.16,88.18
2024-12,Ecuador,12,684,540,79.06,87.69
2024-12,Ecuador,13,684,533,78.01,87.24
2024-12,Ecuador,14,684,526,77.0,86.81
2024-12,Ecuador,15,684,520,76.03,86.41
2024-12,Ecuador,16,684,513,75.1,86.04
2024-12,Ecuador,17,684,507,74.22,85.7
2024-12,Ecuador,18,684,501,73.37,85.38
2024-12,Ecuador,19,684,496,72.55,85.1
2024-12,Ecuador,20,684,490,71.78,84.84
2024-12,Perú,0,513,513,100.0,100.0
2024-12,Perú,1,513,485,94.61,95.47
2024-12,Perú,2,513,471,91.97,93.64
2024-12,Perú,3,513,463,90.33,92.79
2024-12,Perú,4,513,455,88.75,91.98
2024-12,Perú,5,513,447,87.24,91.21
2024-12,Perú,6,513,440,85.79,90.47
2024-12,Perú,7,513,432,84.39,89.77
2024-12,Perú,8,513,426,83.06,89.1
2024-12,Perú,9,513,419,81.77,88.47
2024-12,Perú,10,513,413,80.54,87.87
2024-12,Perú,11,513,407,79.35,87.3
2024-12,Perú,12,513,401,78.22,86.76
2024-12,Perú,13,513,395,77.13,86.25
2024-12,Perú,14,513,390,76.09,85.78
2024-12,Perú,15,513,385,75.09,85.34
2024-12,Perú,16,513,380,74.13,84.92
2024-12,Perú,17,513,375,73.22,84.54
2024-12,Perú,18,513,371,72.34,84.19
2024-12,Perú,19,513,366,71.5,83.87
2024-12,Perú,20,513,362,70.7,83.57
2024-12,Uruguay,0,285,285,100.0,100.0
2024-12,Uruguay,1,285,273,95.91,96.78
2024-12,Uruguay,2,285,267,93.88,95.59
2024-12,Uruguay,3,285,263,92.61,95.14
2024-12,Uruguay,4,285,260,91.39,94.72
2024-12,Uruguay,5,285,257,90.21,94.31
2024-12,Uruguay,6,285,253,89.07,93.94
2024-12,Uruguay,7,285,250,87.97,93.58
2024-12,Uruguay,8,285,247,86.92,93.24
2024-12,Uruguay,9,285,244,85.9,92.93
2024-12,Uruguay,10,285,242,84.91,92.64
2024-12,Uruguay,11,285,239,83.97,92.37
2024-12,Uruguay,12,285,236,83.06,92.13
2024-12,Uruguay,13,285,234,82.18,91.9
2024-12,Uruguay,14,285,231,81.34,91.7
2024-12,Uruguay,15,285,229,80.53,91.52
2024-12,Uruguay,16,285,227,79.75,91.36
2024-12,Uruguay,17,285,225,79.01,91.23
2024-12,Uruguay,18,285,223,78.29,91.11
2024-12,Uruguay,19,285,221,77.6,91.02
2024-12,Uruguay,20,285,219,76.94,90.95
2024-12,Chile,0,228,228,100.0,100.0
2024-12,Chile,1,228,212,93.36,94.21
2024-12,Chile,2,228,205,90.15,91.79
2024-12,Chile,3,228,201,88.17,90.58
2024-12,Chile,4,228,196,86.28,89.42
2024-12,Chile,5,228,192,84.47,88.32
2024-12,Chile,6,228,188,82.74,87.26
2024-12,Chile,7,228,184,81.09,86.25
2024-12,Chile,8,228,181,79.5,85.29
2024-12,Chile,9,228,177,77.99,84.37
2024-12,Chile,10,228,174,76.54,83.5
2024-12,Chile,11,228,171,75.15,82.68
2024-12,Chile,12,228,168,73.83,81.89
2024-12,Chile,13,228,165,72.57,81.15
2024-12,Chile,14,228,162,71.36,80.45
2024-12,Chile,15,228,160,70.2,79.79
2024-12,Chile,16,228,157,69.1,79.16
2024-12,Chile,17,228,155,68.05,78.58
2024-12,Chile,18,228,152,67.05,78.03
2024-12,Chile,19,228,150,66.09,77.52
2024-12,Chile,20,228,148,65.18,77.05
2025-01,Colombia,0,2778,2778,100.0,100.0
2025-01,Colombia,1,2778,2645,95.24,96.11
2025-01,Colombia,2,2778,2580,92.9,94.59
2025-01,Colombia,3,2778,2540,91.44,93.94
2025-01,Colombia,4,2778,2501,90.04,93.31
2025-01,Colombia,5,2778,2463,88.68,92.72
2025-01,Colombia,6,2778,2427,87.38,92.15
2025-01,Colombia,7,2778,2392,86.13,91.62
2025-01,Colombia,8,2778,2359,84.92,91.11
2025-01,Colombia,9,2778,2327,83.77,90.63
2025-01,Colombia,10,2778,2296,82.65,90.17
2025-01,Colombia,11,2778,2266,81.58,89.75
2025-01,Colombia,12,2778,2237,80.55,89.35
2025-01,Colombia,13,2778,2210,79.56,88.98
2025-01,Colombia,14,2778,2183,78.62,88.63
2025-01,Colombia,15,2778,2158,77.7,88.31
2025-01,Colombia,16,2778,2134,76.83,88.02
2025-01,Colombia,17,2778,2111,76.0,87.75
2025-01,Colombia,18,2778,2088,75.19,87.51
2025-01,Colombia,19,2778,2067,74.43,87.3
2025-01,México,0,1965,1965,100.0,100.0
2025-01,México,1,1965,1844,93.85,94.71
2025-01,México,2,1965,1785,90.87,92.52
2025-01,México,3,1965,1749,89.02,91.45
2025-01,México,4,1965,1714,87.25,90.43
2025-01,México,5,1965,1681,85.56,89.45
2025-01,México,6,1965,1649,83.94,88.52
2025-01,México,7,1965,1618,82.38,87.63
2025-01,México,8,1965,1589,80.89,86.78
2025-01,México,9,1965,1561,79.46,85.97
2025-01,México,10,1965,1534,78.1,85.2
2025-01,México,11,1965,1508,76.79,84.48
2025-01,México,12,1965,1484,75.54,83.79
2025-01,México,13,1965,1460,74.34,83.13
2025-01,México,14,1965,1438,73.19,82.52
2025-01,México,15,1965,1416,72.1,81.94
2025-01,México,16,1965,1396,71.05,81.4
2025-01,México,17,1965,1376,70.05,80.89
2025-01,México,18,1965,1357,69.1,80.41
2025-01,México,19,1965,1339,68.19,79.97
2025-01,Ecuador,0,813,813,100.0,100.0
2025-01,Ecuador,1,813,771,94.84,95.7
2025-01,Ecuador,2,813,750,92.31,93.99
2025-01,Ecuador,3,813,737,90.73,93.21
2025-01,Ecuador,4,813,725,89.22,92.47
2025-01,Ecuador,5,813,713,87.76,91.76
2025-01,Ecuador,6,813,702,86.37,91.08
2025-01,Ecuador,7,813,691,85.02,90.44
2025-01,Ecuador,8,813,680,83.73,89.83
2025-01,Ecuador,9,813,670,82.49,89.25
2025-01,Ecuador,10,813,660,81.3,88.7
2025-01,Ecuador,11,813,651,80.16,88.18
2025-01,Ecuador,12,813,642,79.06,87.69
2025-01,Ecuador,13,813,634,78.01,87.24
2025-01,Ecuador,14,813,625,77.0,86.81
2025-01,Ecuador,15,813,618,76.03,86.41
2025-01,Ecuador,16,813,610,75.1,86.04
2025-01,Ecuador,17,813,603,74.22,85.7
2025-01,Ecuador,18,813,596,73.37,85.38
2025-01,Ecuador,19,813,589,72.55,85.1
2025-01,Perú,0,609,609,100.0,100.0
2025-01,Perú,1,609,576,94.61,95.47
2025-01,Perú,2,609,560,91.97,93.64
2025-01,Perú,3,609,550,90.33,92.79
2025-01,Perú,4,609,540,88.75,91.98
2025-01,Perú,5,609,531,87.24,91.21
2025-01,Perú,6,609,522,85.79,90.47
2025-01,Perú,7,609,513,84.39,89.77
2025-01,Perú,8,609,505,83.06,89.1
2025-01,Perú,9,609,497,81.77,88.47
2025-01,Perú,10,609,490,80.54,87.87
2025-01,Perú,11,609,483,79.35,87.3
2025-01,Perú,12,609,476,78.22,86.76
2025-01,Perú,13,609,469,77.13,86.25
2025-01,Perú,14,609,463,76.09,85.78
2025-01,Perú,15,609,457,75.09,85.34
2025-01,Perú,16,609,451,74.13,84.92
2025-01,Perú,17,609,445,73.22,84.54
2025-01,Perú,18,609,440,72.34,84.19
2025-01,Perú,19,609,435,71.5,83.87
2025-01,Uruguay,0,338,338,100.0,100.0
2025-01,Uruguay,1,338,324,95.91,96.78
2025-01,Uruguay,2,338,317,93.88,95.59
2025-01,Uruguay,3,338,313,92.61,95.14
2025-01,Uruguay,4,338,308,91.39,94.72
2025-01,Uruguay,5,338,304,90.21,94.31
2025-01,Uruguay,6,338,301,89.07,93.94
2025-01,Uruguay,7,338,297,87.97,93.58
2025-01,Uruguay,8,338,293,86.92,93.24
2025-01,Uruguay,9,338,290,85.9,92.93
2025-01,Uruguay,10,338,287,84.91,92.64
2025-01,Uruguay,11,338,283,83.97,92.37
2025-01,Uruguay,12,338,280,83.06,92.13
2025-01,Uruguay,13,338,277,82.18,91.9
2025-01,Uruguay,14,338,274,81.34,91.7
2025-01,Uruguay,15,338,272,80.53,91.52
2025-01,Uruguay,16,338,269,79.75,91.36
2025-01,Uruguay,17,338,267,79.01,91.23
2025-01,Uruguay,18,338,264,78.29,91.11
2025-01,Uruguay,19,338,262,77.6,91.02
2025-01,Chile,0,271,271,100.0,100.0
2025-01,Chile,1,271,253,93.36,94.21
2025-01,Chile,2,271,244,90.15,91.79
2025-01,Chile,3,271,238,88.17,90.58
2025-01,Chile,4,271,233,86.28,89.42
2025-01,Chile,5,271,228,84.47,88.32
2025-01,Chile,6,271,224,82.74,87.26
2025-01,Chile,7,271,219,81.09,86.25
2025-01,Chile,8,271,215,79.5,85.29
2025-01,Chile,9,271,211,77.99,84.37
2025-01,Chile,10,271,207,76.54,83.5
2025-01,Chile,11,271,203,75.15,82.68
2025-01,Chile,12,271,200,73.83,81.89
2025-01,Chile,13,271,196,72.57,81.15
2025-01,Chile,14,271,193,71.36,80.45
2025-01,Chile,15,271,190,70.2,79.79
2025-01,Chile,16,271,187,69.1,79.16
2025-01,Chile,17,271,184,68.05,78.58
2025-01,Chile,18,271,181,67.05,78.03
2025-01,Chile,19,271,179,66.09,77.52
2025-02,Colombia,0,2838,2838,100.0,100.0
2025-02,Colombia,1,2838,2703,95.24,96.11
2025-02,Colombia,2,2838,2636,92.9,94.59
2025-02,Colombia,3,2838,2595,91.44,93.94
2025-02,Colombia,4,2838,2555,90.04,93.31
2025-02,Colombia,5,2838,2516,88.68,92.72
2025-02,Colombia,6,2838,2479,87.38,92.15
2025-02,Colombia,7,2838,2444,86.13,91.62
2025-02,Colombia,8,2838,2410,84.92,91.11
2025-02,Colombia,9,2838,2377,83.77,90.63
2025-02,Colombia,10,2838,2345,82.65,90.17
2025-02,Colombia,11,2838,2315,81.58,89.75
2025-02,Colombia,12,2838,2286,80.55,89.35
2025-02,Colombia,13,2838,2258,79.56,88.98
2025-02,Colombia,14,2838,2231,78.62,88.63
2025-02,Colombia,15,2838,2205,77.7,88.31
2025-02,Colombia,16,2838,2180,76.83,88.02
2025-02,Colombia,17,2838,2156,76.0,87.75
2025-02,Colombia,18,2838,2134,75.19,87.51
2025-02,México,0,2007,2007,100.0,100.0
2025-02,México,1,2007,1883,93.85,94.71
2025-02,México,2,2007,1823,90.87,92.52
2025-02,México,3,2007,1786,89.02,91.45
2025-02,México,4,2007,1751,87.25,90.43
2025-02,México,5,2007,1717,85.56,89.45
2025-02,México,6,2007,1684,83.94,88.52
2025-02,México,7,2007,1653,82.38,87.63
2025-02,México,8,2007,1623,80.89,86.78
2025-02,México,9,2007,1594,79.46,85.97
2025-02,México,10,2007,1567,78.1,85.2
2025-02,México,11,2007,1541,76.79,84.48
2025-02,México,12,2007,1516,75.54,83.79
2025-02,México,13,2007,1492,74.34,83.13
2025-02,México,14,2007,1469,73.19,82.52
2025-02,México,15,2007,1447,72.1,81.94
2025-02,México,16,2007,1426,71.05,81.4
2025-02,México,17,2007,1405,70.05,80.89
2025-02,México,18,2007,1386,69.1,80.41
2025-02,Ecuador,0,830,830,100.0,100.0
2025-02,Ecuador,1,830,787,94.84,95.7
2025-02,Ecuador,2,830,766,92.31,93.99
2025-02,Ecuador,3,830,753,90.73,93.21
2025-02,Ecuador,4,830,740,89.22,92.47
2025-02,Ecuador,5,830,728,87.76,91.76
2025-02,Ecuador,6,830,716,86.37,91.08
2025-02,Ecuador,7,830,705,85.02,90.44
2025-02,Ecuador,8,830,694,83.73,89.83
2025-02,Ecuador,9,830,684,82.49,89.25
2025-02,Ecuador,10,830,674,81.3,88.7
2025-02,Ecuador,11,830,665,80.16,88.18
2025-02,Ecuador,12,830,656,79.06,87.69
2025-02,Ecuador,13,830,647,78.01,87.24
2025-02,Ecuador,14,830,639,77.0,86.81
2025-02,Ecuador,15,830,631,76.03,86.41
2025-02,Ecuador,16,830,623,75.1,86.04
2025-02,Ecuador,17,830,615,74.22,85.7
2025-02,Ecuador,18,830,608,73.37,85.38
2025-02,Perú,0,623,623,100.0,100.0
2025-02,Perú,1,623,589,94.61,95.47
2025-02,Perú,2,623,572,91.97,93.64
2025-02,Perú,3,623,562,90.33,92.79
2025-02,Perú,4,623,552,88.75,91.98
2025-02,Perú,5,623,543,87.24,91.21
2025-02,Perú,6,623,534,85.79,90.47
2025-02,Perú,7,623,525,84.39,89.77
2025-02,Perú,8,623,517,83.06,89.1
2025-02,Perú,9,623,509,81.77,88.47
2025-02,Perú,10,623,501,80.54,87.87
2025-02,Perú,11,623,494,79.35,87.3
2025-02,Perú,12,623,487,78.22,86.76
2025-02,Perú,13,623,480,77.13,86.25
2025-02,Perú,14,623,474,76.09,85.78
2025-02,Perú,15,623,467,75.09,85.34
2025-02,Perú,16,623,461,74.13,84.92
2025-02,Perú,17,623,456,73.22,84.54
2025-02,Perú,18,623,450,72.34,84.19
2025-02,Uruguay,0,346,346,100.0,100.0
2025-02,Uruguay,1,346,331,95.91,96.78
2025-02,Uruguay,2,346,324,93.88,95.59
2025-02,Uruguay,3,346,320,92.61,95.14
2025-02,Uruguay,4,346,316,91.39,94.72
2025-02,Uruguay,5,346,312,90.21,94.31
2025-02,Uruguay,6,346,308,89.07,93.94
2025-02,Uruguay,7,346,304,87.97,93.58
2025-02,Uruguay,8,346,300,86.92,93.24
2025-02,Uruguay,9,346,297,85.9,92.93
2025-02,Uruguay,10,346,293,84.91,92.64
2025-02,Uruguay,11,346,290,83.97,92.37
2025-02,Uruguay,12,346,287,83.06,92.13
2025-02,Uruguay,13,346,284,82.18,91.9
2025-02,Uruguay,14,346,281,81.34,91.7
2025-02,Uruguay,15,346,278,80.53,91.52
2025-02,Uruguay,16,346,275,79.75,91.36
2025-02,Uruguay,17,346,273,79.01,91.23
2025-02,Uruguay,18,346,270,78.29,91.11
2025-02,Chile,0,276,276,100.0,100.0
2025-02,Chile,1,276,257,93.36,94.21
2025-02,Chile,2,276,248,90.15,91.79
2025-02,Chile,3,276,243,88.17,90.58
2025-02,Chile,4,276,238,86.28,89.42
2025-02,Chile,5,276,233,84.47,88.32
2025-02,Chile,6,276,228,82.74,87.26
2025-02,Chile,7,276,223,81.09,86.25
2025-02,Chile,8,276,219,79.5,85.29
2025-02,Chile,9,276,215,77.99,84.37
2025-02,Chile,10,276,211,76.54,83.5
2025-02,Chile,11,276,207,75.15,82.68
2025-02,Chile,12,276,203,73.83,81.89
2025-02,Chile,13,276,200,72.57,81.15
2025-02,Chile,14,276,196,71.36,80.45
2025-02,Chile,15,276,193,70.2,79.79
2025-02,Chile,16,276,190,69.1,79.16
2025-02,Chile,17,276,187,68.05,78.58
2025-02,Chile,18,276,185,67.05,78.03
2025-03,Colombia,0,2571,2571,100.0,100.0
2025-03,Colombia,1,2571,2448,95.24,96.11
2025-03,Colombia,2,2571,2388,92.9,94.59
2025-03,Colombia,3,2571,2350,91.44,93.94
2025-03,Colombia,4,2571,2314,90.04,93.31
2025-03,Colombia,5,2571,2280,88.68,92.72
2025-03,Colombia,6,2571,2246,87.38,92.15
2025-03,Colombia,7,2571,2214,86.13,91.62
2025-03,Colombia,8,2571,2183,84.92,91.11
2025-03,Colombia,9,2571,2153,83.77,90.63
2025-03,Colombia,10,2571,2124,82.65,90.17
2025-03,Colombia,11,2571,2097,81.58,89.75
2025-03,Colombia,12,2571,2070,80.55,89.35
2025-03,Colombia,13,2571,2045,79.56,88.98
2025-03,Colombia,14,2571,2021,78.62,88.63
2025-03,Colombia,15,2571,1997,77.7,88.31
2025-03,Colombia,16,2571,1975,76.83,88.02
2025-03,Colombia,17,2571,1953,76.0,87.75
2025-03,México,0,1818,1818,100.0,100.0
2025-03,México,1,1818,1706,93.85,94.71
2025-03,México,2,1818,1651,90.87,92.52
2025-03,México,3,1818,1618,89.02,91.45
2025-03,México,4,1818,1586,87.25,90.43
2025-03,México,5,1818,1555,85.56,89.45
2025-03,México,6,1818,1525,83.94,88.52
2025-03,México,7,1818,1497,82.38,87.63
2025-03,México,8,1818,1470,80.89,86.78
2025-03,México,9,1818,1444,79.46,85.97
2025-03,México,10,1818,1419,78.1,85.2
2025-03,México,11,1818,1396,76.79,84.48
2025-03,México,12,1818,1373,75.54,83.79
2025-03,México,13,1818,1351,74.34,83.13
2025-03,México,14,1818,1330,73.19,82.52
2025-03,México,15,1818,1310,72.1,81.94
2025-03,México,16,1818,1291,71.05,81.4
2025-03,México,17,1818,1273,70.05,80.89
2025-03,Ecuador,0,752,752,100.0,100.0
2025-03,Ecuador,1,752,713,94.84,95.7
2025-03,Ecuador,2,752,694,92.31,93.99
2025-03,Ecuador,3,752,682,90.73,93.21
2025-03,Ecuador,4,752,670,89.22,92.47
2025-03,Ecuador,5,752,659,87.76,91.76
2025-03,Ecuador,6,752,649,86.37,91.08
2025-03,Ecuador,7,752,639,85.02,90.44
2025-03,Ecuador,8,752,629,83.73,89.83
2025-03,Ecuador,9,752,620,82.49,89.25
2025-03,Ecuador,10,752,611,81.3,88.7
2025-03,Ecuador,11,752,602,80.16,88.18
2025-03,Ecuador,12,752,594,79.06,87.69
2025-03,Ecuador,13,752,586,78.01,87.24
2025-03,Ecuador,14,752,579,77.0,86.81
2025-03,Ecuador,15,752,571,76.03,86.41
2025-03,Ecuador,16,752,564,75.1,86.04
2025-03,Ecuador,17,752,558,74.22,85.7
2025-03,Perú,0,564,564,100.0,100.0
2025-03,Perú,1,564,533,94.61,95.47
2025-03,Perú,2,564,518,91.97,93.64
2025-03,Perú,3,564,509,90.33,92.79
2025-03,Perú,4,564,500,88.75,91.98
2025-03,Perú,5,564,492,87.24,91.21
2025-03,Perú,6,564,483,85.79,90.47
2025-03,Perú,7,564,475,84.39,89.77
2025-03,Perú,8,564,468,83.06,89.1
2025-03,Perú,9,564,461,81.77,88.47
2025-03,Perú,10,564,454,80.54,87.87
2025-03,Perú,11,564,447,79.35,87.3
2025-03,Perú,12,564,441,78.22,86.76
2025-03,Perú,13,564,435,77.13,86.25
2025-03,Perú,14,564,429,76.09,85.78
2025-03,Perú,15,564,423,75.09,85.34
2025-03,Perú,16,564,418,74.13,84.92
2025-03,Perú,17,564,412,73.22,84.54
2025-03,Uruguay,0,313,313,100.0,100.0
2025-03,Uruguay,1,313,300,95.91,96.78
2025-03,Uruguay,2,313,293,93.88,95.59
2025-03,Uruguay,3,313,289,92.61,95.14
2025-03,Uruguay,4,313,286,91.39,94.72
2025-03,Uruguay,5,313,282,90.21,94.31
2025-03,Uruguay,6,313,278,89.07,93.94
2025-03,Uruguay,7,313,275,87.97,93.58
2025-03,Uruguay,8,313,272,86.92,93.24
2025-03,Uruguay,9,313,268,85.9,92.93
2025-03,Uruguay,10,313,265,84.91,92.64
2025-03,Uruguay,11,313,262,83.97,92.37
2025-03,Uruguay,12,313,259,83.06,92.13
2025-03,Uruguay,13,313,257,82.18,91.9
2025-03,Uruguay,14,313,254,81.34,91.7
2025-03,Uruguay,15,313,252,80.53,91.52
2025-03,Uruguay,16,313,249,79.75,91.36
2025-03,Uruguay,17,313,247,79.01,91.23
2025-03,Chile,0,250,250,100.0,100.0
2025-03,Chile,1,250,233,93.36,94.21
2025-03,Chile,2,250,225,90.15,91.79
2025-03,Chile,3,250,220,88.17,90.58
2025-03,Chile,4,250,215,86.28,89.42
2025-03,Chile,5,250,211,84.47,88.32
2025-03,Chile,6,250,206,82.74,87.26
2025-03,Chile,7,250,202,81.09,86.25
2025-03,Chile,8,250,198,79.5,85.29
2025-03,Chile,9,250,194,77.99,84.37
2025-03,Chile,10,250,191,76.54,83.5
2025-03,Chile,11,250,187,75.15,82.68
2025-03,Chile,12,250,184,73.83,81.89
2025-03,Chile,13,250,181,72.57,81.15
2025-03,Chile,14,250,178,71.36,80.45
2025-03,Chile,15,250,175,70.2,79.79
2025-03,Chile,16,250,172,69.1,79.16
2025-03,Chile,17,250,170,68.05,78.58
2025-04,Colombia,0,3381,3381,100.0,100.0
2025-04,Colombia,1,3381,3220,95.24,96.11
2025-04,Colombia,2,3381,3140,92.9,94.59
2025-04,Colombia,3,3381,3091,91.44,93.94
2025-04,Colombia,4,3381,3044,90.04,93.31
2025-04,Colombia,5,3381,2998,88.68,92.72
2025-04,Colombia,6,3381,2954,87.38,92.15
2025-04,Colombia,7,3381,2912,86.13,91.62
2025-04,Colombia,8,3381,2871,84.92,91.11
2025-04,Colombia,9,3381,2832,83.77,90.63
2025-04,Colombia,10,3381,2794,82.65,90.17
2025-04,Colombia,11,3381,2758,81.58,89.75
2025-04,Colombia,12,3381,2723,80.55,89.35
2025-04,Colombia,13,3381,2690,79.56,88.98
2025-04,Colombia,14,3381,2657,78.62,88.63
2025-04,Colombia,15,3381,2627,77.7,88.31
2025-04,Colombia,16,3381,2597,76.83,88.02
2025-04,México,0,2391,2391,100.0,100.0
2025-04,México,1,2391,2244,93.85,94.71
2025-04,México,2,2391,2172,90.87,92.52
2025-04,México,3,2391,2128,89.02,91.45
2025-04,México,4,2391,2086,87.25,90.43
2025-04,México,5,2391,2045,85.56,89.45
2025-04,México,6,2391,2006,83.94,88.52
2025-04,México,7,2391,1969,82.38,87.63
2025-04,México,8,2391,1934,80.89,86.78
2025-04,México,9,2391,1899,79.46,85.97
2025-04,México,10,2391,1867,78.1,85.2
2025-04,México,11,2391,1836,76.79,84.48
2025-04,México,12,2391,1806,75.54,83.79
2025-04,México,13,2391,1777,74.34,83.13
2025-04,México,14,2391,1750,73.19,82.52
2025-04,México,15,2391,1723,72.1,81.94
2025-04,México,16,2391,1698,71.05,81.4
2025-04,Ecuador,0,989,989,100.0,100.0
2025-04,Ecuador,1,989,937,94.84,95.7
2025-04,Ecuador,2,989,912,92.31,93.99
2025-04,Ecuador,3,989,897,90.73,93.21
2025-04,Ecuador,4,989,882,89.22,92.47
2025-04,Ecuador,5,989,867,87.76,91.76
2025-04,Ecuador,6,989,854,86.37,91.08
2025-04,Ecuador,7,989,840,85.02,90.44
2025-04,Ecuador,8,989,828,83.73,89.83
2025-04,Ecuador,9,989,815,82.49,89.25
2025-04,Ecuador,10,989,804,81.3,88.7
2025-04,Ecuador,11,989,792,80.16,88.18
2025-04,Ecuador,12,989,781,79.06,87.69
2025-04,Ecuador,13,989,771,78.01,87.24
2025-04,Ecuador,14,989,761,77.0,86.81
2025-04,Ecuador,15,989,751,76.03,86.41
2025-04,Ecuador,16,989,742,75.1,86.04
2025-04,Perú,0,742,742,100.0,100.0
2025-04,Perú,1,742,701,94.61,95.47
2025-04,Perú,2,742,682,91.97,93.64
2025-04,Perú,3,742,670,90.33,92.79
2025-04,Perú,4,742,658,88.75,91.98
2025-04,Perú,5,742,647,87.24,91.21
2025-04,Perú,6,742,636,85.79,90.47
2025-04,Perú,7,742,626,84.39,89.77
2025-04,Perú,8,742,616,83.06,89.1
2025-04,Perú,9,742,606,81.77,88.47
2025-04,Perú,10,742,597,80.54,87.87
2025-04,Perú,11,742,588,79.35,87.3
2025-04,Perú,12,742,580,78.22,86.76
2025-04,Perú,13,742,572,77.13,86.25
2025-04,Perú,14,742,564,76.09,85.78
2025-04,Perú,15,742,557,75.09,85.34
2025-04,Perú,16,742,550,74.13,84.92
2025-04,Uruguay,0,412,412,100.0,100.0
2025-04,Uruguay,1,412,395,95.91,96.78
2025-04,Uruguay,2,412,386,93.88,95.59
2025-04,Uruguay,3,412,381,92.61,95.14
2025-04,Uruguay,4,412,376,91.39,94.72
2025-04,Uruguay,5,412,371,90.21,94.31
2025-04,Uruguay,6,412,366,89.07,93.94
2025-04,Uruguay,7,412,362,87.97,93.58
2025-04,Uruguay,8,412,358,86.92,93.24
2025-04,Uruguay,9,412,353,85.9,92.93
2025-04,Uruguay,10,412,349,84.91,92.64
2025-04,Uruguay,11,412,345,83.97,92.37
2025-04,Uruguay,12,412,342,83.06,92.13
2025-04,Uruguay,13,412,338,82.18,91.9
2025-04,Uruguay,14,412,335,81.34,91.7
2025-04,Uruguay,15,412,331,80.53,91.52
2025-04,Uruguay,16,412,328,79.75,91.36
2025-04,Chile,0,329,329,100.0,100.0
2025-04,Chile,1,329,307,93.36,94.21
2025-04,Chile,2,329,296,90.15,91.79
2025-04,Chile,3,329,290,88.17,90.58
2025-04,Chile,4,329,283,86.28,89.42
2025-04,Chile,5,329,277,84.47,88.32
2025-04,Chile,6,329,272,82.74,87.26
2025-04,Chile,7,329,266,81.09,86.25
2025-04,Chile,8,329,261,79.5,85.29
2025-04,Chile,9,329,256,77.99,84.37
2025-04,Chile,10,329,251,76.54,83.5
2025-04,Chile,11,329,247,75.15,82.68
2025-04,Chile,12,329,242,73.83,81.89
2025-04,Chile,13,329,238,72.57,81.15
2025-04,Chile,14,329,234,71.36,80.45
2025-04,Chile,15,329,230,70.2,79.79
2025-04,Chile,16,329,227,69.1,79.16
2025-05,Colombia,0,2685,2685,100.0,100.0
2025-05,Colombia,1,2685,2557,95.24,96.11
2025-05,Colombia,2,2685,2494,92.9,94.59
2025-05,Colombia,3,2685,2455,91.44,93.94
2025-05,Colombia,4,2685,2417,90.04,93.31
2025-05,Colombia,5,2685,2381,88.68,92.72
2025-05,Colombia,6,2685,2346,87.38,92.15
2025-05,Colombia,7,2685,2312,86.13,91.62
2025-05,Colombia,8,2685,2280,84.92,91.11
2025-05,Colombia,9,2685,2249,83.77,90.63
2025-05,Colombia,10,2685,2219,82.65,90.17
2025-05,Colombia,11,2685,2190,81.58,89.75
2025-05,Colombia,12,2685,2162,80.55,89.35
2025-05,Colombia,13,2685,2136,79.56,88.98
2025-05,Colombia,14,2685,2110,78.62,88.63
2025-05,Colombia,15,2685,2086,77.7,88.31
2025-05,México,0,1899,1899,100.0,100.0
2025-05,México,1,1899,1782,93.85,94.71
2025-05,México,2,1899,1725,90.87,92.52
2025-05,México,3,1899,1690,89.02,91.45
2025-05,México,4,1899,1656,87.25,90.43
2025-05,México,5,1899,1624,85.56,89.45
2025-05,México,6,1899,1593,83.94,88.52
2025-05,México,7,1899,1564,82.38,87.63
2025-05,México,8,1899,1536,80.89,86.78
2025-05,México,9,1899,1509,79.46,85.97
2025-05,México,10,1899,1483,78.1,85.2
2025-05,México,11,1899,1458,76.79,84.48
2025-05,México,12,1899,1434,75.54,83.79
2025-05,México,13,1899,1411,74.34,83.13
2025-05,México,14,1899,1389,73.19,82.52
2025-05,México,15,1899,1369,72.1,81.94
2025-05,Ecuador,0,785,785,100.0,100.0
2025-05,Ecuador,1,785,744,94.84,95.7
2025-05,Ecuador,2,785,724,92.31,93.99
2025-05,Ecuador,3,785,712,90.73,93.21
2025-05,Ecuador,4,785,700,89.22,92.47
2025-05,Ecuador,5,785,688,87.76,91.76
2025-05,Ecuador,6,785,677,86.37,91.08
2025-05,Ecuador,7,785,667,85.02,90.44
2025-05,Ecuador,8,785,657,83.73,89.83
2025-05,Ecuador,9,785,647,82.49,89.25
2025-05,Ecuador,10,785,638,81.3,88.7
2025-05,Ecuador,11,785,629,80.16,88.18
2025-05,Ecuador,12,785,620,79.06,87.69
2025-05,Ecuador,13,785,612,78.01,87.24
2025-05,Ecuador,14,785,604,77.0,86.81
2025-05,Ecuador,15,785,596,76.03,86.41
2025-05,Perú,0,589,589,100.0,100.0
2025-05,Perú,1,589,557,94.61,95.47
2025-05,Perú,2,589,541,91.97,93.64
2025-05,Perú,3,589,532,90.33,92.79
2025-05,Perú,4,589,522,88.75,91.98
2025-05,Perú,5,589,513,87.24,91.21
2025-05,Perú,6,589,505,85.79,90.47
2025-05,Perú,7,589,497,84.39,89.77
2025-05,Perú,8,589,489,83.06,89.1
2025-05,Perú,9,589,481,81.77,88.47
2025-05,Perú,10,589,474,80.54,87.87
2025-05,Perú,11,589,467,79.35,87.3
2025-05,Perú,12,589,460,78.22,86.76
2025-05,Perú,13,589,454,77.13,86.25
2025-05,Perú,14,589,448,76.09,85.78
2025-05,Perú,15,589,442,75.09,85.34
2025-05,Uruguay,0,327,327,100.0,100.0
2025-05,Uruguay,1,327,313,95.91,96.78
2025-05,Uruguay,2,327,306,93.88,95.59
2025-05,Uruguay,3,327,302,92.61,95.14
2025-05,Uruguay,4,327,298,91.39,94.72
2025-05,Uruguay,5,327,294,90.21,94.31
2025-05,Uruguay,6,327,291,89.07,93.94
2025-05,Uruguay,7,327,287,87.97,93.58
2025-05,Uruguay,8,327,284,86.92,93.24
2025-05,Uruguay,9,327,280,85.9,92.93
2025-05,Uruguay,10,327,277,84.91,92.64
2025-05,Uruguay,11,327,274,83.97,92.37
2025-05,Uruguay,12,327,271,83.06,92.13
2025-05,Uruguay,13,327,268,82.18,91.9
2025-05,Uruguay,14,327,265,81.34,91.7
2025-05,Uruguay,15,327,263,80.53,91.52
2025-05,Chile,0,261,261,100.0,100.0
2025-05,Chile,1,261,243,93.36,94.21
2025-05,Chile,2,261,235,90.15,91.79
2025-05,Chile,3,261,230,88.17,90.58
2025-05,Chile,4,261,225,86.28,89.42
2025-05,Chile,5,261,220,84.47,88.32
2025-05,Chile,6,261,215,82.74,87.26
2025-05,Chile,7,261,211,81.09,86.25
2025-05,Chile,8,261,207,79.5,85.29
2025-05,Chile,9,261,203,77.99,84.37
2025-05,Chile,10,261,199,76.54,83.5
2025-05,Chile,11,261,196,75.15,82.68
2025-05,Chile,12,261,192,73.83,81.89
2025-05,Chile,13,261,189,72.57,81.15
2025-05,Chile,14,261,186,71.36,80.45
2025-05,Chile,15,261,183,70.2,79.79
2025-06,Colombia,0,2901,2901,100.0,100.0
2025-06,Colombia,1,2901,2763,95.24,96.11
2025-06,Colombia,2,2901,2695,92.9,94.59
2025-06,Colombia,3,2901,2652,91.44,93.94
2025-06,Colombia,4,2901,2611,90.04,93.31
2025-06,Colombia,5,2901,2572,88.68,92.72
2025-06,Colombia,6,2901,2534,87.38,92.15
2025-06,Colombia,7,2901,2498,86.13,91.62
2025-06,Colombia,8,2901,2463,84.92,91.11
2025-06,Colombia,9,2901,2430,83.77,90.63
2025-06,Colombia,10,2901,2397,82.65,90.17
2025-06,Colombia,11,2901,2366,81.58,89.75
2025-06,Colombia,12,2901,2336,80.55,89.35
2025-06,Colombia,13,2901,2308,79.56,88.98
2025-06,Colombia,14,2901,2280,78.62,88.63
2025-06,México,0,2052,2052,100.0,100.0
2025-06,México,1,2052,1925,93.85,94.71
2025-06,México,2,2052,1864,90.87,92.52
2025-06,México,3,2052,1826,89.02,91.45
2025-06,México,4,2052,1790,87.25,90.43
2025-06,México,5,2052,1755,85.56,89.45
2025-06,México,6,2052,1722,83.94,88.52
2025-06,México,7,2052,1690,82.38,87.63
2025-06,México,8,2052,1659,80.89,86.78
2025-06,México,9,2052,1630,79.46,85.97
2025-06,México,10,2052,1602,78.1,85.2
2025-06,México,11,2052,1575,76.79,84.48
2025-06,México,12,2052,1550,75.54,83.79
2025-06,México,13,2052,1525,74.34,83.13
2025-06,México,14,2052,1501,73.19,82.52
2025-06,Ecuador,0,849,849,100.0,100.0
2025-06,Ecuador,1,849,805,94.84,95.7
2025-06,Ecuador,2,849,783,92.31,93.99
2025-06,Ecuador,3,849,770,90.73,93.21
2025-06,Ecuador,4,849,757,89.22,92.47
2025-06,Ecuador,5,849,745,87.76,91.76
2025-06,Ecuador,6,849,733,86.37,91.08
2025-06,Ecuador,7,849,721,85.02,90.44
2025-06,Ecuador,8,849,710,83.73,89.83
2025-06,Ecuador,9,849,700,82.49,89.25
2025-06,Ecuador,10,849,690,81.3,88.7
2025-06,Ecuador,11,849,680,80.16,88.18
2025-06,Ecuador,12,849,671,79.06,87.69
2025-06,Ecuador,13,849,662,78.01,87.24
2025-06,Ecuador,14,849,653,77.0,86.81
2025-06,Perú,0,636,636,100.0,100.0
2025-06,Perú,1,636,601,94.61,95.47
2025-06,Perú,2,636,584,91.97,93.64
2025-06,Perú,3,636,574,90.33,92.79
2025-06,Perú,4,636,564,88.75,91.98
2025-06,Perú,5,636,554,87.24,91.21
2025-06,Perú,6,636,545,85.79,90.47
2025-06,Perú,7,636,536,84.39,89.77
2025-06,Perú,8,636,528,83.06,89.1
2025-06,Perú,9,636,520,81.77,88.47
2025-06,Perú,10,636,512,80.54,87.87
2025-06,Perú,11,636,504,79.35,87.3
2025-06,Perú,12,636,497,78.22,86.76
2025-06,Perú,13,636,490,77.13,86.25
2025-06,Perú,14,636,483,76.09,85.78
2025-06,Uruguay,0,353,353,100.0,100.0
2025-06,Uruguay,1,353,338,95.91,96.78
2025-06,Uruguay,2,353,331,93.88,95.59
2025-06,Uruguay,3,353,326,92.61,95.14
2025-06,Uruguay,4,353,322,91.39,94.72
2025-06,Uruguay,5,353,318,90.21,94.31
2025-06,Uruguay,6,353,314,89.07,93.94
2025-06,Uruguay,7,353,310,87.97,93.58
2025-06,Uruguay,8,353,306,86.92,93.24
2025-06,Uruguay,9,353,303,85.9,92.93
2025-06,Uruguay,10,353,299,84.91,92.64
2025-06,Uruguay,11,353,296,83.97,92.37
2025-06,Uruguay,12,353,293,83.06,92.13
2025-06,Uruguay,13,353,290,82.18,91.9
2025-06,Uruguay,14,353,287,81.34,91.7
2025-06,Chile,0,283,283,100.0,100.0
2025-06,Chile,1,283,264,93.36,94.21
2025-06,Chile,2,283,255,90.15,91.79
2025-06,Chile,3,283,249,88.17,90.58
2025-06,Chile,4,283,244,86.28,89.42
2025-06,Chile,5,283,239,84.47,88.32
2025-06,Chile,6,283,234,82.74,87.26
2025-06,Chile,7,283,229,81.09,86.25
2025-06,Chile,8,283,224,79.5,85.29
2025-06,Chile,9,283,220,77.99,84.37
2025-06,Chile,10,283,216,76.54,83.5
2025-06,Chile,11,283,212,75.15,82.68
2025-06,Chile,12,283,208,73.83,81.89
2025-06,Chile,13,283,205,72.57,81.15
2025-06,Chile,14,283,201,71.36,80.45
2025-07,Colombia,0,3027,3027,100.0,100.0
2025-07,Colombia,1,3027,2883,95.24,96.11
2025-07,Colombia,2,3027,2812,92.9,94.59
2025-07,Colombia,3,3027,2767,91.44,93.94
2025-07,Colombia,4,3027,2725,90.04,93.31
2025-07,Colombia,5,3027,2684,88.68,92.72
2025-07,Colombia,6,3027,2645,87.38,92.15
2025-07,Colombia,7,3027,2607,86.13,91.62
2025-07,Colombia,8,3027,2570,84.92,91.11
2025-07,Colombia,9,3027,2535,83.77,90.63
2025-07,Colombia,10,3027,2501,82.65,90.17
2025-07,Colombia,11,3027,2469,81.58,89.75
2025-07,Colombia,12,3027,2438,80.55,89.35
2025-07,Colombia,13,3027,2408,79.56,88.98
2025-07,México,0,2141,2141,100.0,100.0
2025-07,México,1,2141,2009,93.85,94.71
2025-07,México,2,2141,1945,90.87,92.52
2025-07,México,3,2141,1905,89.02,91.45
2025-07,México,4,2141,1868,87.25,90.43
2025-07,México,5,2141,1831,85.56,89.45
2025-07,México,6,2141,1797,83.94,88.52
2025-07,México,7,2141,1763,82.38,87.63
2025-07,México,8,2141,1731,80.89,86.78
2025-07,México,9,2141,1701,79.46,85.97
2025-07,México,10,2141,1672,78.1,85.2
2025-07,México,11,2141,1644,76.79,84.48
2025-07,México,12,2141,1617,75.54,83.79
2025-07,México,13,2141,1591,74.34,83.13
2025-07,Ecuador,0,885,885,100.0,100.0
2025-07,Ecuador,1,885,839,94.84,95.7
2025-07,Ecuador,2,885,816,92.31,93.99
2025-07,Ecuador,3,885,802,90.73,93.21
2025-07,Ecuador,4,885,789,89.22,92.47
2025-07,Ecuador,5,885,776,87.76,91.76
2025-07,Ecuador,6,885,764,86.37,91.08
2025-07,Ecuador,7,885,752,85.02,90.44
2025-07,Ecuador,8,885,741,83.73,89.83
2025-07,Ecuador,9,885,730,82.49,89.25
2025-07,Ecuador,10,885,719,81.3,88.7
2025-07,Ecuador,11,885,709,80.16,88.18
2025-07,Ecuador,12,885,699,79.06,87.69
2025-07,Ecuador,13,885,690,78.01,87.24
2025-07,Perú,0,664,664,100.0,100.0
2025-07,Perú,1,664,628,94.61,95.47
2025-07,Perú,2,664,610,91.97,93.64
2025-07,Perú,3,664,599,90.33,92.79
2025-07,Perú,4,664,589,88.75,91.98
2025-07,Perú,5,664,579,87.24,91.21
2025-07,Perú,6,664,569,85.79,90.47
2025-07,Perú,7,664,560,84.39,89.77
2025-07,Perú,8,664,551,83.06,89.1
2025-07,Perú,9,664,542,81.77,88.47
2025-07,Perú,10,664,534,80.54,87.87
2025-07,Perú,11,664,526,79.35,87.3
2025-07,Perú,12,664,519,78.22,86.76
2025-07,Perú,13,664,512,77.13,86.25
2025-07,Uruguay,0,369,369,100.0,100.0
2025-07,Uruguay,1,369,353,95.91,96.78
2025-07,Uruguay,2,369,346,93.88,95.59
2025-07,Uruguay,3,369,341,92.61,95.14
2025-07,Uruguay,4,369,337,91.39,94.72
2025-07,Uruguay,5,369,332,90.21,94.31
2025-07,Uruguay,6,369,328,89.07,93.94
2025-07,Uruguay,7,369,324,87.97,93.58
2025-07,Uruguay,8,369,320,86.92,93.24
2025-07,Uruguay,9,369,316,85.9,92.93
2025-07,Uruguay,10,369,313,84.91,92.64
2025-07,Uruguay,11,369,309,83.97,92.37
2025-07,Uruguay,12,369,306,83.06,92.13
2025-07,Uruguay,13,369,303,82.18,91.9
2025-07,Chile,0,295,295,100.0,100.0
2025-07,Chile,1,295,275,93.36,94.21
2025-07,Chile,2,295,265,90.15,91.79
2025-07,Chile,3,295,260,88.17,90.58
2025-07,Chile,4,295,254,86.28,89.42
2025-07,Chile,5,295,249,84.47,88.32
2025-07,Chile,6,295,244,82.74,87.26
2025-07,Chile,7,295,239,81.09,86.25
2025-07,Chile,8,295,234,79.5,85.29
2025-07,Chile,9,295,230,77.99,84.37
2025-07,Chile,10,295,225,76.54,83.5
2025-07,Chile,11,295,221,75.15,82.68
2025-07,Chile,12,295,217,73.83,81.89
2025-07,Chile,13,295,214,72.57,81.15
2025-08,Colombia,0,2603,2603,100.0,100.0
2025-08,Colombia,1,2603,2479,95.24,96.11
2025-08,Colombia,2,2603,2418,92.9,94.59
2025-08,Colombia,3,2603,2380,91.44,93.94
2025-08,Colombia,4,2603,2343,90.04,93.31
2025-08,Colombia,5,2603,2308,88.68,92.72
2025-08,Colombia,6,2603,2274,87.38,92.15
2025-08,Colombia,7,2603,2241,86.13,91.62
2025-08,Colombia,8,2603,2210,84.92,91.11
2025-08,Colombia,9,2603,2180,83.77,90.63
2025-08,Colombia,10,2603,2151,82.65,90.17
2025-08,Colombia,11,2603,2123,81.58,89.75
2025-08,Colombia,12,2603,2096,80.55,89.35
2025-08,México,0,1841,1841,100.0,100.0
2025-08,México,1,1841,1727,93.85,94.71
2025-08,México,2,1841,1672,90.87,92.52
2025-08,México,3,1841,1638,89.02,91.45
2025-08,México,4,1841,1606,87.25,90.43
2025-08,México,5,1841,1575,85.56,89.45
2025-08,México,6,1841,1545,83.94,88.52
2025-08,México,7,1841,1516,82.38,87.63
2025-08,México,8,1841,1489,80.89,86.78
2025-08,México,9,1841,1462,79.46,85.97
2025-08,México,10,1841,1437,78.1,85.2
2025-08,México,11,1841,1413,76.79,84.48
2025-08,México,12,1841,1390,75.54,83.79
2025-08,Ecuador,0,761,761,100.0,100.0
2025-08,Ecuador,1,761,721,94.84,95.7
2025-08,Ecuador,2,761,702,92.31,93.99
2025-08,Ecuador,3,761,690,90.73,93.21
2025-08,Ecuador,4,761,678,89.22,92.47
2025-08,Ecuador,5,761,667,87.76,91.76
2025-08,Ecuador,6,761,657,86.37,91.08
2025-08,Ecuador,7,761,647,85.02,90.44
2025-08,Ecuador,8,761,637,83.73,89.83
2025-08,Ecuador,9,761,627,82.49,89.25
2025-08,Ecuador,10,761,618,81.3,88.7
2025-08,Ecuador,11,761,609,80.16,88.18
2025-08,Ecuador,12,761,601,79.06,87.69
2025-08,Perú,0,571,571,100.0,100.0
2025-08,Perú,1,571,540,94.61,95.47
2025-08,Perú,2,571,525,91.97,93.64
2025-08,Perú,3,571,515,90.33,92.79
2025-08,Perú,4,571,506,88.75,91.98
2025-08,Perú,5,571,498,87.24,91.21
2025-08,Perú,6,571,489,85.79,90.47
2025-08,Perú,7,571,481,84.39,89.77
2025-08,Perú,8,571,474,83.06,89.1
2025-08,Perú,9,571,466,81.77,88.47
2025-08,Perú,10,571,459,80.54,87.87
2025-08,Perú,11,571,453,79.35,87.3
2025-08,Perú,12,571,446,78.22,86.76
2025-08,Uruguay,0,317,317,100.0,100.0
2025-08,Uruguay,1,317,304,95.91,96.78
2025-08,Uruguay,2,317,297,93.88,95.59
2025-08,Uruguay,3,317,293,92.61,95.14
2025-08,Uruguay,4,317,289,91.39,94.72
2025-08,Uruguay,5,317,285,90.21,94.31
2025-08,Uruguay,6,317,282,89.07,93.94
2025-08,Uruguay,7,317,278,87.97,93.58
2025-08,Uruguay,8,317,275,86.92,93.24
2025-08,Uruguay,9,317,272,85.9,92.93
2025-08,Uruguay,10,317,269,84.91,92.64
2025-08,Uruguay,11,317,266,83.97,92.37
2025-08,Uruguay,12,317,263,83.06,92.13
2025-08,Chile,0,253,253,100.0,100.0
2025-08,Chile,1,253,236,93.36,94.21
2025-08,Chile,2,253,228,90.15,91.79
2025-08,Chile,3,253,223,88.17,90.58
2025-08,Chile,4,253,218,86.28,89.42
2025-08,Chile,5,253,213,84.47,88.32
2025-08,Chile,6,253,209,82.74,87.26
2025-08,Chile,7,253,205,81.09,86.25
2025-08,Chile,8,253,201,79.5,85.29
2025-08,Chile,9,253,197,77.99,84.37
2025-08,Chile,10,253,193,76.54,83.5
2025-08,Chile,11,253,190,75.15,82.68
2025-08,Chile,12,253,186,73.83,81.89
2025-09,Colombia,0,3702,3702,100.0,100.0
2025-09,Colombia,1,3702,3525,95.24,96.11
2025-09,Colombia,2,3702,3439,92.9,94.59
2025-09,Colombia,3,3702,3385,91.44,93.94
2025-09,Colombia,4,3702,3333,90.04,93.31
2025-09,Colombia,5,3702,3283,88.68,92.72
2025-09,Colombia,6,3702,3234,87.38,92.15
2025-09,Colombia,7,3702,3188,86.13,91.62
2025-09,Colombia,8,3702,3143,84.92,91.11
2025-09,Colombia,9,3702,3101,83.77,90.63
2025-09,Colombia,10,3702,3059,82.65,90.17
2025-09,Colombia,11,3702,3020,81.58,89.75
2025-09,México,0,2618,2618,100.0,100.0
2025-09,México,1,2618,2457,93.85,94.71
2025-09,México,2,2618,2378,90.87,92.52
2025-09,México,3,2618,2330,89.02,91.45
2025-09,México,4,2618,2284,87.25,90.43
2025-09,México,5,2618,2239,85.56,89.45
2025-09,México,6,2618,2197,83.94,88.52
2025-09,México,7,2618,2156,82.38,87.63
2025-09,México,8,2618,2117,80.89,86.78
2025-09,México,9,2618,2080,79.46,85.97
2025-09,México,10,2618,2044,78.1,85.2
2025-09,México,11,2618,2010,76.79,84.48
2025-09,Ecuador,0,1083,1083,100.0,100.0
2025-09,Ecuador,1,1083,1027,94.84,95.7
2025-09,Ecuador,2,1083,999,92.31,93.99
2025-09,Ecuador,3,1083,982,90.73,93.21
2025-09,Ecuador,4,1083,966,89.22,92.47
2025-09,Ecuador,5,1083,950,87.76,91.76
2025-09,Ecuador,6,1083,935,86.37,91.08
2025-09,Ecuador,7,1083,920,85.02,90.44
2025-09,Ecuador,8,1083,906,83.73,89.83
2025-09,Ecuador,9,1083,893,82.49,89.25
2025-09,Ecuador,10,1083,880,81.3,88.7
2025-09,Ecuador,11,1083,868,80.16,88.18
2025-09,Perú,0,812,812,100.0,100.0
2025-09,Perú,1,812,768,94.61,95.47
2025-09,Perú,2,812,746,91.97,93.64
2025-09,Perú,3,812,733,90.33,92.79
2025-09,Perú,4,812,720,88.75,91.98
2025-09,Perú,5,812,708,87.24,91.21
2025-09,Perú,6,812,696,85.79,90.47
2025-09,Perú,7,812,685,84.39,89.77
2025-09,Perú,8,812,674,83.06,89.1
2025-09,Perú,9,812,663,81.77,88.47
2025-09,Perú,10,812,653,80.54,87.87
2025-09,Perú,11,812,644,79.35,87.3
2025-09,Uruguay,0,451,451,100.0,100.0
2025-09,Uruguay,1,451,432,95.91,96.78
2025-09,Uruguay,2,451,423,93.88,95.59
2025-09,Uruguay,3,451,417,92.61,95.14
2025-09,Uruguay,4,451,412,91.39,94.72
2025-09,Uruguay,5,451,406,90.21,94.31
2025-09,Uruguay,6,451,401,89.07,93.94
2025-09,Uruguay,7,451,396,87.97,93.58
2025-09,Uruguay,8,451,391,86.92,93.24
2025-09,Uruguay,9,451,387,85.9,92.93
2025-09,Uruguay,10,451,382,84.91,92.64
2025-09,Uruguay,11,451,378,83.97,92.37
2025-09,Chile,0,361,361,100.0,100.0
2025-09,Chile,1,361,337,93.36,94.21
2025-09,Chile,2,361,325,90.15,91.79
2025-09,Chile,3,361,318,88.17,90.58
2025-09,Chile,4,361,311,86.28,89.42
2025-09,Chile,5,361,304,84.47,88.32
2025-09,Chile,6,361,298,82.74,87.26
2025-09,Chile,7,361,292,81.09,86.25
2025-09,Chile,8,361,286,79.5,85.29
2025-09,Chile,9,361,281,77.99,84.37
2025-09,Chile,10,361,276,76.54,83.5
2025-09,Chile,11,361,271,75.15,82.68
2025-10,Colombia,0,3527,3527,100.0,100.0
2025-10,Colombia,1,3527,3359,95.24,96.11
2025-10,Colombia,2,3527,3276,92.9,94.59
2025-10,Colombia,3,3527,3225,91.44,93.94
2025-10,Colombia,4,3527,3175,90.04,93.31
2025-10,Colombia,5,3527,3127,88.68,92.72
2025-10,Colombia,6,3527,3081,87.38,92.15
2025-10,Colombia,7,3527,3037,86.13,91.62
2025-10,Colombia,8,3527,2995,84.92,91.11
2025-10,Colombia,9,3527,2954,83.77,90.63
2025-10,Colombia,10,3527,2915,82.65,90.17
2025-10,México,0,2495,2495,100.0,100.0
2025-10,México,1,2495,2341,93.85,94.71
2025-10,México,2,2495,2267,90.87,92.52
2025-10,México,3,2495,2221,89.02,91.45
2025-10,México,4,2495,2176,87.25,90.43
2025-10,México,5,2495,2134,85.56,89.45
2025-10,México,6,2495,2094,83.94,88.52
2025-10,México,7,2495,2055,82.38,87.63
2025-10,México,8,2495,2018,80.89,86.78
2025-10,México,9,2495,1982,79.46,85.97
2025-10,México,10,2495,1948,78.1,85.2
2025-10,Ecuador,0,1032,1032,100.0,100.0
2025-10,Ecuador,1,1032,978,94.84,95.7
2025-10,Ecuador,2,1032,952,92.31,93.99
2025-10,Ecuador,3,1032,936,90.73,93.21
2025-10,Ecuador,4,1032,920,89.22,92.47
2025-10,Ecuador,5,1032,905,87.76,91.76
2025-10,Ecuador,6,1032,891,86.37,91.08
2025-10,Ecuador,7,1032,877,85.02,90.44
2025-10,Ecuador,8,1032,864,83.73,89.83
2025-10,Ecuador,9,1032,851,82.49,89.25
2025-10,Ecuador,10,1032,839,81.3,88.7
2025-10,Perú,0,774,774,100.0,100.0
2025-10,Perú,1,774,732,94.61,95.47
2025-10,Perú,2,774,711,91.97,93.64
2025-10,Perú,3,774,699,90.33,92.79
2025-10,Perú,4,774,686,88.75,91.98
2025-10,Perú,5,774,675,87.24,91.21
2025-10,Perú,6,774,664,85.79,90.47
2025-10,Perú,7,774,653,84.39,89.77
2025-10,Perú,8,774,642,83.06,89.1
2025-10,Perú,9,774,632,81.77,88.47
2025-10,Perú,10,774,623,80.54,87.87
2025-10,Uruguay,0,430,430,100.0,100.0
2025-10,Uruguay,1,430,412,95.91,96.78
2025-10,Uruguay,2,430,403,93.88,95.59
2025-10,Uruguay,3,430,398,92.61,95.14
2025-10,Uruguay,4,430,392,91.39,94.72
2025-10,Uruguay,5,430,387,90.21,94.31
2025-10,Uruguay,6,430,383,89.07,93.94
2025-10,Uruguay,7,430,378,87.97,93.58
2025-10,Uruguay,8,430,373,86.92,93.24
2025-10,Uruguay,9,430,369,85.9,92.93
2025-10,Uruguay,10,430,365,84.91,92.64
2025-10,Chile,0,344,344,100.0,100.0
2025-10,Chile,1,344,321,93.36,94.21
2025-10,Chile,2,344,310,90.15,91.79
2025-10,Chile,3,344,303,88.17,90.58
2025-10,Chile,4,344,296,86.28,89.42
2025-10,Chile,5,344,290,84.47,88.32
2025-10,Chile,6,344,284,82.74,87.26
2025-10,Chile,7,344,278,81.09,86.25
2025-10,Chile,8,344,273,79.5,85.29
2025-10,Chile,9,344,268,77.99,84.37
2025-10,Chile,10,344,263,76.54,83.5
2025-11,Colombia,0,3793,3793,100.0,100.0
2025-11,Colombia,1,3793,3612,95.24,96.11
2025-11,Colombia,2,3793,3523,92.9,94.59
2025-11,Colombia,3,3793,3468,91.44,93.94
2025-11,Colombia,4,3793,3415,90.04,93.31
2025-11,Colombia,5,3793,3363,88.68,92.72
2025-11,Colombia,6,3793,3314,87.38,92.15
2025-11,Colombia,7,3793,3266,86.13,91.62
2025-11,Colombia,8,3793,3221,84.92,91.11
2025-11,Colombia,9,3793,3177,83.77,90.63
2025-11,México,0,2683,2683,100.0,100.0
2025-11,México,1,2683,2518,93.85,94.71
2025-11,México,2,2683,2437,90.87,92.52
2025-11,México,3,2683,2388,89.02,91.45
2025-11,México,4,2683,2341,87.25,90.43
2025-11,México,5,2683,2295,85.56,89.45
2025-11,México,6,2683,2251,83.94,88.52
2025-11,México,7,2683,2210,82.38,87.63
2025-11,México,8,2683,2170,80.89,86.78
2025-11,México,9,2683,2132,79.46,85.97
2025-11,Ecuador,0,1110,1110,100.0,100.0
2025-11,Ecuador,1,1110,1052,94.84,95.7
2025-11,Ecuador,2,1110,1024,92.31,93.99
2025-11,Ecuador,3,1110,1007,90.73,93.21
2025-11,Ecuador,4,1110,990,89.22,92.47
2025-11,Ecuador,5,1110,974,87.76,91.76
2025-11,Ecuador,6,1110,958,86.37,91.08
2025-11,Ecuador,7,1110,943,85.02,90.44
2025-11,Ecuador,8,1110,929,83.73,89.83
2025-11,Ecuador,9,1110,915,82.49,89.25
2025-11,Perú,0,832,832,100.0,100.0
2025-11,Perú,1,832,787,94.61,95.47
2025-11,Perú,2,832,765,91.97,93.64
2025-11,Perú,3,832,751,90.33,92.79
2025-11,Perú,4,832,738,88.75,91.98
2025-11,Perú,5,832,725,87.24,91.21
2025-11,Perú,6,832,713,85.79,90.47
2025-11,Perú,7,832,702,84.39,89.77
2025-11,Perú,8,832,691,83.06,89.1
2025-11,Perú,9,832,680,81.77,88.47
2025-11,Uruguay,0,462,462,100.0,100.0
2025-11,Uruguay,1,462,443,95.91,96.78
2025-11,Uruguay,2,462,433,93.88,95.59
2025-11,Uruguay,3,462,427,92.61,95.14
2025-11,Uruguay,4,462,422,91.39,94.72
2025-11,Uruguay,5,462,416,90.21,94.31
2025-11,Uruguay,6,462,411,89.07,93.94
2025-11,Uruguay,7,462,406,87.97,93.58
2025-11,Uruguay,8,462,401,86.92,93.24
2025-11,Uruguay,9,462,396,85.9,92.93
2025-11,Chile,0,370,370,100.0,100.0
2025-11,Chile,1,370,345,93.36,94.21
2025-11,Chile,2,370,333,90.15,91.79
2025-11,Chile,3,370,326,88.17,90.58
2025-11,Chile,4,370,319,86.28,89.42
2025-11,Chile,5,370,312,84.47,88.32
2025-11,Chile,6,370,306,82.74,87.26
2025-11,Chile,7,370,300,81.09,86.25
2025-11,Chile,8,370,294,79.5,85.29
2025-11,Chile,9,370,288,77.99,84.37
2025-12,Colombia,0,2518,2518,100.0,100.0
2025-12,Colombia,1,2518,2398,95.24,96.11
2025-12,Colombia,2,2518,2339,92.9,94.59
2025-12,Colombia,3,2518,2302,91.44,93.94
2025-12,Colombia,4,2518,2267,90.04,93.31
2025-12,Colombia,5,2518,2233,88.68,92.72
2025-12,Colombia,6,2518,2200,87.38,92.15
2025-12,Colombia,7,2518,2168,86.13,91.62
2025-12,Colombia,8,2518,2138,84.92,91.11
2025-12,México,0,1781,1781,100.0,100.0
2025-12,México,1,1781,1671,93.85,94.71
2025-12,México,2,1781,1618,90.87,92.52
2025-12,México,3,1781,1585,89.02,91.45
2025-12,México,4,1781,1553,87.25,90.43
2025-12,México,5,1781,1523,85.56,89.45
2025-12,México,6,1781,1494,83.94,88.52
2025-12,México,7,1781,1467,82.38,87.63
2025-12,México,8,1781,1440,80.89,86.78
2025-12,Ecuador,0,737,737,100.0,100.0
2025-12,Ecuador,1,737,698,94.84,95.7
2025-12,Ecuador,2,737,680,92.31,93.99
2025-12,Ecuador,3,737,668,90.73,93.21
2025-12,Ecuador,4,737,657,89.22,92.47
2025-12,Ecuador,5,737,646,87.76,91.76
2025-12,Ecuador,6,737,636,86.37,91.08
2025-12,Ecuador,7,737,626,85.02,90.44
2025-12,Ecuador,8,737,617,83.73,89.83
2025-12,Perú,0,552,552,100.0,100.0
2025-12,Perú,1,552,522,94.61,95.47
2025-12,Perú,2,552,507,91.97,93.64
2025-12,Perú,3,552,498,90.33,92.79
2025-12,Perú,4,552,489,88.75,91.98
2025-12,Perú,5,552,481,87.24,91.21
2025-12,Perú,6,552,473,85.79,90.47
2025-12,Perú,7,552,465,84.39,89.77
2025-12,Perú,8,552,458,83.06,89.1
2025-12,Uruguay,0,307,307,100.0,100.0
2025-12,Uruguay,1,307,294,95.91,96.78
2025-12,Uruguay,2,307,288,93.88,95.59
2025-12,Uruguay,3,307,284,92.61,95.14
2025-12,Uruguay,4,307,280,91.39,94.72
2025-12,Uruguay,5,307,276,90.21,94.31
2025-12,Uruguay,6,307,273,89.07,93.94
2025-12,Uruguay,7,307,270,87.97,93.58
2025-12,Uruguay,8,307,266,86.92,93.24
2025-12,Chile,0,245,245,100.0,100.0
2025-12,Chile,1,245,228,93.36,94.21
2025-12,Chile,2,245,220,90.15,91.79
2025-12,Chile,3,245,216,88.17,90.58
2025-12,Chile,4,245,211,86.28,89.42
2025-12,Chile,5,245,206,84.47,88.32
2025-12,Chile,6,245,202,82.74,87.26
2025-12,Chile,7,245,198,81.09,86.25
2025-12,Chile,8,245,194,79.5,85.29
2026-01,Colombia,0,3543,3543,100.0,100.0
2026-01,Colombia,1,3543,3374,95.24,96.11
2026-01,Colombia,2,3543,3291,92.9,94.59
2026-01,Colombia,3,3543,3239,91.44,93.94
2026-01,Colombia,4,3543,3189,90.04,93.31
2026-01,Colombia,5,3543,3142,88.68,92.72
2026-01,Colombia,6,3543,3095,87.38,92.15
2026-01,Colombia,7,3543,3051,86.13,91.62
2026-01,México,0,2506,2506,100.0,100.0
2026-01,México,1,2506,2351,93.85,94.71
2026-01,México,2,2506,2277,90.87,92.52
2026-01,México,3,2506,2230,89.02,91.45
2026-01,México,4,2506,2186,87.25,90.43
2026-01,México,5,2506,2144,85.56,89.45
2026-01,México,6,2506,2103,83.94,88.52
2026-01,México,7,2506,2064,82.38,87.63
2026-01,Ecuador,0,1037,1037,100.0,100.0
2026-01,Ecuador,1,1037,983,94.84,95.7
2026-01,Ecuador,2,1037,957,92.31,93.99
2026-01,Ecuador,3,1037,940,90.73,93.21
2026-01,Ecuador,4,1037,925,89.22,92.47
2026-01,Ecuador,5,1037,910,87.76,91.76
2026-01,Ecuador,6,1037,895,86.37,91.08
2026-01,Ecuador,7,1037,881,85.02,90.44
2026-01,Perú,0,777,777,100.0,100.0
2026-01,Perú,1,777,735,94.61,95.47
2026-01,Perú,2,777,714,91.97,93.64
2026-01,Perú,3,777,701,90.33,92.79
2026-01,Perú,4,777,689,88.75,91.98
2026-01,Perú,5,777,677,87.24,91.21
2026-01,Perú,6,777,666,85.79,90.47
2026-01,Perú,7,777,655,84.39,89.77
2026-01,Uruguay,0,432,432,100.0,100.0
2026-01,Uruguay,1,432,414,95.91,96.78
2026-01,Uruguay,2,432,405,93.88,95.59
2026-01,Uruguay,3,432,400,92.61,95.14
2026-01,Uruguay,4,432,394,91.39,94.72
2026-01,Uruguay,5,432,389,90.21,94.31
2026-01,Uruguay,6,432,384,89.07,93.94
2026-01,Uruguay,7,432,380,87.97,93.58
2026-01,Chile,0,345,345,100.0,100.0
2026-01,Chile,1,345,322,93.36,94.21
2026-01,Chile,2,345,311,90.15,91.79
2026-01,Chile,3,345,304,88.17,90.58
2026-01,Chile,4,345,297,86.28,89.42
2026-01,Chile,5,345,291,84.47,88.32
2026-01,Chile,6,345,285,82.74,87.26
2026-01,Chile,7,345,279,81.09,86.25
2026-02,Colombia,0,3647,3647,100.0,100.0
2026-02,Colombia,1,3647,3473,95.24,96.11
2026-02,Colombia,2,3647,3388,92.9,94.59
2026-02,Colombia,3,3647,3334,91.44,93.94
2026-02,Colombia,4,3647,3283,90.04,93.31
2026-02,Colombia,5,3647,3234,88.68,92.72
2026-02,Colombia,6,3647,3186,87.38,92.15
2026-02,México,0,2580,2580,100.0,100.0
2026-02,México,1,2580,2421,93.85,94.71
2026-02,México,2,2580,2344,90.87,92.52
2026-02,México,3,2580,2296,89.02,91.45
2026-02,México,4,2580,2251,87.25,90.43
2026-02,México,5,2580,2207,85.56,89.45
2026-02,México,6,2580,2165,83.94,88.52
2026-02,Ecuador,0,1067,1067,100.0,100.0
2026-02,Ecuador,1,1067,1011,94.84,95.7
2026-02,Ecuador,2,1067,984,92.31,93.99
2026-02,Ecuador,3,1067,968,90.73,93.21
2026-02,Ecuador,4,1067,951,89.22,92.47
2026-02,Ecuador,5,1067,936,87.76,91.76
2026-02,Ecuador,6,1067,921,86.37,91.08
2026-02,Perú,0,800,800,100.0,100.0
2026-02,Perú,1,800,756,94.61,95.47
2026-02,Perú,2,800,735,91.97,93.64
2026-02,Perú,3,800,722,90.33,92.79
2026-02,Perú,4,800,710,88.75,91.98
2026-02,Perú,5,800,697,87.24,91.21
2026-02,Perú,6,800,686,85.79,90.47
2026-02,Uruguay,0,444,444,100.0,100.0
2026-02,Uruguay,1,444,425,95.91,96.78
2026-02,Uruguay,2,444,416,93.88,95.59
2026-02,Uruguay,3,444,411,92.61,95.14
2026-02,Uruguay,4,444,405,91.39,94.72
2026-02,Uruguay,5,444,400,90.21,94.31
2026-02,Uruguay,6,444,395,89.07,93.94
2026-02,Chile,0,355,355,100.0,100.0
2026-02,Chile,1,355,331,93.36,94.21
2026-02,Chile,2,355,320,90.15,91.79
2026-02,Chile,3,355,313,88.17,90.58
2026-02,Chile,4,355,306,86.28,89.42
2026-02,Chile,5,355,299,84.47,88.32
2026-02,Chile,6,355,293,82.74,87.26
2026-03,Colombia,0,2751,2751,100.0,100.0
2026-03,Colombia,1,2751,2620,95.24,96.11
2026-03,Colombia,2,2751,2555,92.9,94.59
2026-03,Colombia,3,2751,2515,91.44,93.94
2026-03,Colombia,4,2751,2476,90.04,93.31
2026-03,Colombia,5,2751,2439,88.68,92.72
2026-03,México,0,1946,1946,100.0,100.0
2026-03,México,1,1946,1826,93.85,94.71
2026-03,México,2,1946,1768,90.87,92.52
2026-03,México,3,1946,1732,89.02,91.45
2026-03,México,4,1946,1697,87.25,90.43
2026-03,México,5,1946,1664,85.56,89.45
2026-03,Ecuador,0,805,805,100.0,100.0
2026-03,Ecuador,1,805,763,94.84,95.7
2026-03,Ecuador,2,805,743,92.31,93.99
2026-03,Ecuador,3,805,730,90.73,93.21
2026-03,Ecuador,4,805,718,89.22,92.47
2026-03,Ecuador,5,805,706,87.76,91.76
2026-03,Perú,0,603,603,100.0,100.0
2026-03,Perú,1,603,570,94.61,95.47
2026-03,Perú,2,603,554,91.97,93.64
2026-03,Perú,3,603,544,90.33,92.79
2026-03,Perú,4,603,535,88.75,91.98
2026-03,Perú,5,603,526,87.24,91.21
2026-03,Uruguay,0,335,335,100.0,100.0
2026-03,Uruguay,1,335,321,95.91,96.78
2026-03,Uruguay,2,335,314,93.88,95.59
2026-03,Uruguay,3,335,310,92.61,95.14
2026-03,Uruguay,4,335,306,91.39,94.72
2026-03,Uruguay,5,335,302,90.21,94.31
2026-03,Chile,0,268,268,100.0,100.0
2026-03,Chile,1,268,250,93.36,94.21
2026-03,Chile,2,268,241,90.15,91.79
2026-03,Chile,3,268,236,88.17,90.58
2026-03,Chile,4,268,231,86.28,89.42
2026-03,Chile,5,268,226,84.47,88.32
2026-04,Colombia,0,3712,3712,100.0,100.0
2026-04,Colombia,1,3712,3535,95.24,96.11
2026-04,Colombia,2,3712,3448,92.9,94.59
2026-04,Colombia,3,3712,3394,91.44,93.94
2026-04,Colombia,4,3712,3342,90.04,93.31
2026-04,México,0,2626,2626,100.0,100.0
2026-04,México,1,2626,2464,93.85,94.71
2026-04,México,2,2626,2386,90.87,92.52
2026-04,México,3,2626,2337,89.02,91.45
2026-04,México,4,2626,2291,87.25,90.43
2026-04,Ecuador,0,1086,1086,100.0,100.0
2026-04,Ecuador,1,1086,1029,94.84,95.7
2026-04,Ecuador,2,1086,1002,92.31,93.99
2026-04,Ecuador,3,1086,985,90.73,93.21
2026-04,Ecuador,4,1086,968,89.22,92.47
2026-04,Perú,0,815,815,100.0,100.0
2026-04,Perú,1,815,771,94.61,95.47
2026-04,Perú,2,815,749,91.97,93.64
2026-04,Perú,3,815,736,90.33,92.79
2026-04,Perú,4,815,723,88.75,91.98
2026-04,Uruguay,0,452,452,100.0,100.0
2026-04,Uruguay,1,452,433,95.91,96.78
2026-04,Uruguay,2,452,424,93.88,95.59
2026-04,Uruguay,3,452,418,92.61,95.14
2026-04,Uruguay,4,452,413,91.39,94.72
2026-04,Chile,0,362,362,100.0,100.0
2026-04,Chile,1,362,337,93.36,94.21
2026-04,Chile,2,362,326,90.15,91.79
2026-04,Chile,3,362,319,88.17,90.58
2026-04,Chile,4,362,312,86.28,89.42
2026-05,Colombia,0,2342,2342,100.0,100.0
2026-05,Colombia,1,2342,2230,95.24,96.11
2026-05,Colombia,2,2342,2175,92.9,94.59
2026-05,Colombia,3,2342,2141,91.44,93.94
2026-05,México,0,1657,1657,100.0,100.0
2026-05,México,1,1657,1555,93.85,94.71
2026-05,México,2,1657,1505,90.87,92.52
2026-05,México,3,1657,1475,89.02,91.45
2026-05,Ecuador,0,685,685,100.0,100.0
2026-05,Ecuador,1,685,649,94.84,95.7
2026-05,Ecuador,2,685,632,92.31,93.99
2026-05,Ecuador,3,685,621,90.73,93.21
2026-05,Perú,0,514,514,100.0,100.0
2026-05,Perú,1,514,486,94.61,95.47
2026-05,Perú,2,514,472,91.97,93.64
2026-05,Perú,3,514,464,90.33,92.79
2026-05,Uruguay,0,285,285,100.0,100.0
2026-05,Uruguay,1,285,273,95.91,96.78
2026-05,Uruguay,2,285,267,93.88,95.59
2026-05,Uruguay,3,285,263,92.61,95.14
2026-05,Chile,0,228,228,100.0,100.0
2026-05,Chile,1,228,212,93.36,94.21
2026-05,Chile,2,228,205,90.15,91.79
2026-05,Chile,3,228,201,88.17,90.58
2026-06,Colombia,0,2627,2627,100.0,100.0
2026-06,Colombia,1,2627,2502,95.24,96.11
2026-06,Colombia,2,2627,2440,92.9,94.59
2026-06,México,0,1858,1858,100.0,100.0
2026-06,México,1,1858,1743,93.85,94.71
2026-06,México,2,1858,1688,90.87,92.52
2026-06,Ecuador,0,769,769,100.0,100.0
2026-06,Ecuador,1,769,729,94.84,95.7
2026-06,Ecuador,2,769,709,92.31,93.99
2026-06,Perú,0,576,576,100.0,100.0
2026-06,Perú,1,576,544,94.61,95.47
2026-06,Perú,2,576,529,91.97,93.64
2026-06,Uruguay,0,320,320,100.0,100.0
2026-06,Uruguay,1,320,306,95.91,96.78
2026-06,Uruguay,2,320,300,93.88,95.59
2026-06,Chile,0,256,256,100.0,100.0
2026-06,Chile,1,256,238,93.36,94.21
2026-06,Chile,2,256,230,90.15,91.79
2026-07,Colombia,0,2330,2330,100.0,100.0
2026-07,Colombia,1,2330,2219,95.24,96.11
2026-07,México,0,1648,1648,100.0,100.0
2026-07,México,1,1648,1546,93.85,94.71
2026-07,Ecuador,0,682,682,100.0,100.0
2026-07,Ecuador,1,682,646,94.84,95.7
2026-07,Perú,0,511,511,100.0,100.0
2026-07,Perú,1,511,483,94.61,95.47
2026-07,Uruguay,0,284,284,100.0,100.0
2026-07,Uruguay,1,284,272,95.91,96.78
2026-07,Chile,0,227,227,100.0,100.0
2026-07,Chile,1,227,211,93.36,94.21
2026-08,Colombia,0,2594,2594,100.0,100.0
2026-08,México,0,1835,1835,100.0,100.0
2026-08,Ecuador,0,759,759,100.0,100.0
2026-08,Perú,0,569,569,100.0,100.0
2026-08,Uruguay,0,316,316,100.0,100.0
2026-08,Chile,0,253,253,100.0,100.0
