mes,pais,canal,visitas,leads,trials,activados,pagados,inversion_usd,cac_usd
2024-10,Colombia,Búsqueda orgánica,131862,4547,1030,667,496,79847.0,160.98
2024-10,Colombia,Canal de contadores,206883,6316,1325,714,620,77223.0,124.55
2024-10,Colombia,Google Ads,103877,4701,1116,623,383,264159.0,689.71
2024-10,Colombia,Meta Ads,71544,3101,623,390,224,137108.0,612.09
2024-10,Colombia,Televentas,60633,2570,653,365,274,163987.0,598.49
2024-10,Colombia,Referidos de clientes,36987,1412,387,226,198,15911.0,80.36
2024-10,Colombia,Alianzas y bancos,36828,1244,312,170,139,43647.0,314.0
2024-10,Colombia,Marketplace / App,20987,656,182,113,76,18548.0,244.05
2024-10,México,Búsqueda orgánica,92672,3705,1013,661,501,101082.0,201.76
2024-10,México,Canal de contadores,98093,4402,982,655,617,95558.0,154.88
2024-10,México,Google Ads,135513,4888,994,610,376,386576.0,1028.13
2024-10,México,Meta Ads,67329,2381,685,446,225,190358.0,846.04
2024-10,México,Televentas,33833,1538,461,283,226,165233.0,731.12
2024-10,México,Referidos de clientes,39951,1311,402,227,188,19595.0,104.23
2024-10,México,Alianzas y bancos,39474,1413,339,177,136,45825.0,336.95
2024-10,México,Marketplace / App,23016,800,187,110,70,21100.0,301.43
2024-10,Ecuador,Búsqueda orgánica,22754,1096,301,184,151,27076.0,179.31
2024-10,Ecuador,Canal de contadores,24015,948,276,188,175,25626.0,146.43
2024-10,Ecuador,Google Ads,46157,1443,286,175,107,81167.0,758.57
2024-10,Ecuador,Meta Ads,26790,896,195,130,69,48248.0,699.24
2024-10,Ecuador,Televentas,18804,658,174,106,77,47341.0,614.82
2024-10,Ecuador,Referidos de clientes,14315,622,132,74,60,4087.0,68.11
2024-10,Ecuador,Alianzas y bancos,13163,383,90,56,46,14953.0,325.06
2024-10,Ecuador,Marketplace / App,11397,327,64,35,24,5997.0,249.89
2024-10,Perú,Búsqueda orgánica,24432,1243,283,156,109,22732.0,208.55
2024-10,Perú,Canal de contadores,50015,1337,291,168,148,19082.0,128.93
2024-10,Perú,Google Ads,22800,959,201,136,83,53271.0,641.82
2024-10,Perú,Meta Ads,16888,530,163,96,51,32263.0,632.6
2024-10,Perú,Televentas,15410,458,100,65,55,30642.0,557.13
2024-10,Perú,Referidos de clientes,8289,428,84,51,43,3605.0,83.84
2024-10,Perú,Alianzas y bancos,5308,233,58,39,32,9632.0,301.01
2024-10,Perú,Marketplace / App,3993,167,44,23,17,4145.0,243.85
2024-10,Uruguay,Búsqueda orgánica,11399,427,116,78,58,12142.0,209.34
2024-10,Uruguay,Canal de contadores,18938,555,129,88,74,15454.0,208.84
2024-10,Uruguay,Google Ads,9969,462,117,67,41,39986.0,975.26
2024-10,Uruguay,Meta Ads,5804,260,63,39,22,21153.0,961.5
2024-10,Uruguay,Televentas,4826,232,71,41,32,27359.0,854.97
2024-10,Uruguay,Referidos de clientes,3252,140,40,25,22,2350.0,106.82
2024-10,Uruguay,Alianzas y bancos,3418,153,34,20,16,5595.0,349.69
2024-10,Uruguay,Marketplace / App,2764,109,23,13,9,3315.0,368.32
2024-10,Chile,Búsqueda orgánica,9680,379,90,53,40,12264.0,306.61
2024-10,Chile,Canal de contadores,9708,392,91,59,53,11921.0,224.92
2024-10,Chile,Google Ads,8073,388,87,53,33,37516.0,1136.86
2024-10,Chile,Meta Ads,6488,200,59,38,22,24408.0,1109.44
2024-10,Chile,Televentas,3116,124,37,25,20,18981.0,949.03
2024-10,Chile,Referidos de clientes,2608,112,26,18,15,1966.0,131.08
2024-10,Chile,Alianzas y bancos,2396,106,22,14,11,5927.0,538.86
2024-10,Chile,Marketplace / App,1630,65,14,8,6,2532.0,422.03
2024-11,Colombia,Búsqueda orgánica,143558,4714,1206,701,526,93403.0,177.57
2024-11,Colombia,Canal de contadores,71976,3185,986,607,522,74794.0,143.28
2024-11,Colombia,Google Ads,80324,4115,816,548,337,233297.0,692.28
2024-11,Colombia,Meta Ads,69424,2089,604,362,216,134074.0,620.71
2024-11,Colombia,Televentas,76327,2301,544,318,251,137854.0,549.22
2024-11,Colombia,Referidos de clientes,24188,1147,341,203,166,12613.0,75.98
2024-11,Colombia,Alianzas y bancos,21347,1090,265,162,133,36353.0,273.33
2024-11,Colombia,Marketplace / App,27052,794,179,113,72,15864.0,220.33
2024-11,México,Búsqueda orgánica,84629,4019,930,606,441,115144.0,261.1
2024-11,México,Canal de contadores,106450,4905,1138,660,587,105709.0,180.08
2024-11,México,Google Ads,108937,3428,908,565,335,301125.0,898.88
2024-11,México,Meta Ads,101402,2864,604,408,207,160274.0,774.27
2024-11,México,Televentas,42869,1692,515,313,247,167040.0,676.27
2024-11,México,Referidos de clientes,33293,950,290,171,147,15281.0,103.95
2024-11,México,Alianzas y bancos,20747,1035,266,158,130,51665.0,397.42
2024-11,México,Marketplace / App,16068,700,165,103,72,20855.0,289.65
2024-11,Ecuador,Búsqueda orgánica,34560,1620,346,235,176,34163.0,194.11
2024-11,Ecuador,Canal de contadores,53311,1927,382,255,215,32352.0,150.48
2024-11,Ecuador,Google Ads,52529,1400,357,190,113,91081.0,806.03
2024-11,Ecuador,Meta Ads,21913,700,205,132,68,48912.0,719.29
2024-11,Ecuador,Televentas,17706,584,177,103,86,50684.0,589.35
2024-11,Ecuador,Referidos de clientes,8121,399,100,64,59,4647.0,78.76
2024-11,Ecuador,Alianzas y bancos,8305,406,100,55,50,14363.0,287.27
2024-11,Ecuador,Marketplace / App,9418,280,56,36,25,6317.0,252.69
2024-11,Perú,Búsqueda orgánica,30880,963,270,145,113,23736.0,210.05
2024-11,Perú,Canal de contadores,19705,905,268,148,130,15449.0,118.84
2024-11,Perú,Google Ads,13498,680,167,111,68,53181.0,782.07
2024-11,Perú,Meta Ads,18607,600,181,100,53,34185.0,644.99
2024-11,Perú,Televentas,12352,488,99,67,55,32198.0,585.41
2024-11,Perú,Referidos de clientes,5600,259,66,45,35,2536.0,72.45
2024-11,Perú,Alianzas y bancos,5174,243,58,31,26,9084.0,349.37
2024-11,Perú,Marketplace / App,3277,143,34,22,15,3486.0,232.38
2024-11,Uruguay,Búsqueda orgánica,18208,512,130,72,52,14214.0,273.34
2024-11,Uruguay,Canal de contadores,8582,388,109,71,63,12404.0,196.89
2024-11,Uruguay,Google Ads,12319,597,123,68,43,43552.0,1012.85
2024-11,Uruguay,Meta Ads,11600,346,97,56,29,26010.0,896.89
2024-11,Uruguay,Televentas,7586,232,64,39,30,23897.0,796.57
2024-11,Uruguay,Referidos de clientes,3369,162,38,21,20,2075.0,103.77
2024-11,Uruguay,Alianzas y bancos,1966,84,26,17,14,4729.0,337.76
2024-11,Uruguay,Marketplace / App,1974,82,21,12,8,2737.0,342.18
2024-11,Chile,Búsqueda orgánica,6766,324,100,56,42,13030.0,310.24
2024-11,Chile,Canal de contadores,8758,344,92,54,53,12203.0,230.25
2024-11,Chile,Google Ads,7648,331,69,46,29,37099.0,1279.28
2024-11,Chile,Meta Ads,7141,232,53,30,17,17228.0,1013.41
2024-11,Chile,Televentas,3158,142,34,22,18,18689.0,1038.29
2024-11,Chile,Referidos de clientes,3217,117,23,14,12,1451.0,120.96
2024-11,Chile,Alianzas y bancos,2465,68,16,11,10,5369.0,536.88
2024-11,Chile,Marketplace / App,1868,51,13,9,6,2308.0,384.71
2024-12,Colombia,Búsqueda orgánica,186411,4873,997,540,409,72618.0,177.55
2024-12,Colombia,Canal de contadores,120316,4673,1141,629,553,84269.0,152.39
2024-12,Colombia,Google Ads,88674,4205,926,502,306,202805.0,662.76
2024-12,Colombia,Meta Ads,73664,2093,521,345,183,123167.0,673.05
2024-12,Colombia,Televentas,51348,2606,538,306,230,114386.0,497.33
2024-12,Colombia,Referidos de clientes,45834,1257,346,214,173,12590.0,72.78
2024-12,Colombia,Alianzas y bancos,22738,983,264,143,112,30166.0,269.33
2024-12,Colombia,Marketplace / App,22055,768,189,99,67,15819.0,236.1
2024-12,México,Búsqueda orgánica,175876,4870,952,606,463,97515.0,210.62
2024-12,México,Canal de contadores,137749,4550,1050,595,558,95022.0,170.29
2024-12,México,Google Ads,119629,4348,875,581,327,276093.0,844.32
2024-12,México,Meta Ads,75997,2046,624,353,196,157368.0,802.9
2024-12,México,Televentas,41906,1524,453,286,236,164999.0,699.15
2024-12,México,Referidos de clientes,33036,1369,317,185,161,14756.0,91.65
2024-12,México,Alianzas y bancos,20531,958,239,144,123,39597.0,321.93
2024-12,México,Marketplace / App,14717,765,159,105,76,23411.0,308.04
2024-12,Ecuador,Búsqueda orgánica,42594,1478,306,193,149,30919.0,207.51
2024-12,Ecuador,Canal de contadores,41410,1328,406,223,200,32855.0,164.27
2024-12,Ecuador,Google Ads,29454,1487,283,168,101,76512.0,757.54
2024-12,Ecuador,Meta Ads,25321,835,223,125,65,43701.0,672.32
2024-12,Ecuador,Televentas,15234,537,160,106,83,44321.0,533.99
2024-12,Ecuador,Referidos de clientes,15248,467,107,63,52,4506.0,86.65
2024-12,Ecuador,Alianzas y bancos,7905,276,83,50,41,13798.0,336.53
2024-12,Ecuador,Marketplace / App,6776,259,58,35,24,5433.0,226.39
2024-12,Perú,Búsqueda orgánica,22499,951,242,139,98,17000.0,173.47
2024-12,Perú,Canal de contadores,24579,1119,237,155,133,18522.0,139.26
2024-12,Perú,Google Ads,22396,1013,218,142,82,61229.0,746.7
2024-12,Perú,Meta Ads,14949,718,139,81,46,33548.0,729.3
2024-12,Perú,Televentas,13760,511,126,70,55,34302.0,623.67
2024-12,Perú,Referidos de clientes,9664,331,91,48,39,3023.0,77.5
2024-12,Perú,Alianzas y bancos,3224,166,51,35,29,9359.0,322.74
2024-12,Perú,Marketplace / App,3885,142,42,26,17,4112.0,241.86
2024-12,Uruguay,Búsqueda orgánica,12814,460,123,76,58,13792.0,237.79
2024-12,Uruguay,Canal de contadores,10444,427,113,69,64,13572.0,212.06
2024-12,Uruguay,Google Ads,7371,372,110,64,39,39149.0,1003.81
2024-12,Uruguay,Meta Ads,6309,273,73,47,25,22090.0,883.6
2024-12,Uruguay,Televentas,5314,168,48,32,26,18079.0,695.33
2024-12,Uruguay,Referidos de clientes,4221,156,32,19,17,1848.0,108.7
2024-12,Uruguay,Alianzas y bancos,3846,155,30,19,16,6788.0,424.23
2024-12,Uruguay,Marketplace / App,1076,52,16,11,8,2811.0,351.36
2024-12,Chile,Búsqueda orgánica,6137,281,73,44,32,9531.0,297.86
2024-12,Chile,Canal de contadores,6533,310,93,55,46,11039.0,239.97
2024-12,Chile,Google Ads,9993,261,68,45,27,34322.0,1271.18
2024-12,Chile,Meta Ads,3998,147,43,29,17,19245.0,1132.05
2024-12,Chile,Televentas,4238,127,37,25,20,19993.0,999.66
2024-12,Chile,Referidos de clientes,3272,113,23,14,12,1556.0,129.71
2024-12,Chile,Alianzas y bancos,1944,96,20,12,10,4476.0,447.55
2024-12,Chile,Marketplace / App,1257,41,11,6,5,1880.0,376.06
2025-01,Colombia,Búsqueda orgánica,188554,7729,1622,1012,771,119050.0,154.41
2025-01,Colombia,Canal de contadores,305159,10202,2037,1344,1169,162776.0,139.24
2025-01,Colombia,Google Ads,173066,8501,1765,988,599,441972.0,737.85
2025-01,Colombia,Meta Ads,141028,5661,1242,702,372,250618.0,673.7
2025-01,Colombia,Televentas,98503,4598,913,511,384,207145.0,539.44
2025-01,Colombia,Referidos de clientes,39312,1812,536,326,290,22906.0,78.99
2025-01,Colombia,Alianzas y bancos,103398,3149,603,325,253,64998.0,256.91
2025-01,Colombia,Marketplace / App,26358,1203,355,197,134,34104.0,254.5
2025-01,México,Búsqueda orgánica,179501,8734,1885,989,727,156849.0,215.75
2025-01,México,Canal de contadores,199885,5884,1671,1037,908,166105.0,182.93
2025-01,México,Google Ads,117404,5056,1385,871,574,530665.0,924.5
2025-01,México,Meta Ads,178779,5013,1117,653,355,254604.0,717.19
2025-01,México,Televentas,117799,3687,770,490,385,276851.0,719.09
2025-01,México,Referidos de clientes,31143,1602,388,250,215,21638.0,100.64
2025-01,México,Alianzas y bancos,69606,1849,375,235,183,67971.0,371.43
2025-01,México,Marketplace / App,24076,1054,258,157,101,30209.0,299.1
2025-01,Ecuador,Búsqueda orgánica,51812,2045,607,356,269,47669.0,177.21
2025-01,Ecuador,Canal de contadores,73467,2961,777,439,381,55942.0,146.83
2025-01,Ecuador,Google Ads,96422,2697,578,302,185,136687.0,738.85
2025-01,Ecuador,Meta Ads,34318,1268,373,199,108,69733.0,645.68
2025-01,Ecuador,Televentas,18143,883,230,139,112,67981.0,606.97
2025-01,Ecuador,Referidos de clientes,17981,896,173,99,83,7152.0,86.17
2025-01,Ecuador,Alianzas y bancos,10243,469,127,81,66,20663.0,313.08
2025-01,Ecuador,Marketplace / App,10096,322,88,51,36,8803.0,244.53
2025-01,Perú,Búsqueda orgánica,28815,1386,351,195,141,27724.0,196.62
2025-01,Perú,Canal de contadores,28353,1263,379,244,214,32666.0,152.64
2025-01,Perú,Google Ads,50559,1359,275,180,113,86087.0,761.84
2025-01,Perú,Meta Ads,21345,1030,224,140,79,40463.0,512.2
2025-01,Perú,Televentas,15655,723,183,111,89,54032.0,607.1
2025-01,Perú,Referidos de clientes,8692,441,122,77,60,4826.0,80.43
2025-01,Perú,Alianzas y bancos,7314,346,86,57,48,16289.0,339.35
2025-01,Perú,Marketplace / App,4073,200,61,34,22,6226.0,283.0
2025-01,Uruguay,Búsqueda orgánica,15653,693,196,115,80,22112.0,276.4
2025-01,Uruguay,Canal de contadores,29664,906,208,117,102,18698.0,183.32
2025-01,Uruguay,Google Ads,23652,743,163,97,60,58147.0,969.11
2025-01,Uruguay,Meta Ads,13346,629,131,73,40,36344.0,908.61
2025-01,Uruguay,Televentas,6506,328,93,49,41,29683.0,723.98
2025-01,Uruguay,Referidos de clientes,7385,239,49,31,28,2940.0,105.02
2025-01,Uruguay,Alianzas y bancos,3220,159,46,29,23,9798.0,426.0
2025-01,Uruguay,Marketplace / App,3300,170,35,19,13,4861.0,373.95
2025-01,Chile,Búsqueda orgánica,23293,766,158,91,64,20419.0,319.04
2025-01,Chile,Canal de contadores,18298,774,158,89,81,20728.0,255.9
2025-01,Chile,Google Ads,9531,456,122,67,42,48618.0,1157.58
2025-01,Chile,Meta Ads,7040,267,72,49,27,27775.0,1028.69
2025-01,Chile,Televentas,4105,206,61,39,31,33165.0,1069.85
2025-01,Chile,Referidos de clientes,2882,139,35,21,18,2677.0,148.73
2025-01,Chile,Alianzas y bancos,3592,148,42,24,19,9555.0,502.87
2025-01,Chile,Marketplace / App,2660,74,23,14,10,4183.0,418.32
2025-02,Colombia,Búsqueda orgánica,116238,5023,1303,811,587,90930.0,154.91
2025-02,Colombia,Canal de contadores,148360,5023,1500,819,769,96148.0,125.03
2025-02,Colombia,Google Ads,85189,3459,1036,685,436,318709.0,730.98
2025-02,Colombia,Meta Ads,107679,4363,917,495,282,161752.0,573.59
2025-02,Colombia,Televentas,82377,3172,703,384,316,195074.0,617.32
2025-02,Colombia,Referidos de clientes,48343,1914,457,282,238,19467.0,81.79
2025-02,Colombia,Alianzas y bancos,25115,1305,377,197,170,51438.0,302.57
2025-02,Colombia,Marketplace / App,38758,1293,250,147,95,21368.0,224.93
2025-02,México,Búsqueda orgánica,192287,6275,1352,826,603,108713.0,180.29
2025-02,México,Canal de contadores,130636,4146,1075,712,635,107008.0,168.52
2025-02,México,Google Ads,100878,3284,998,613,394,292192.0,741.6
2025-02,México,Meta Ads,79861,3234,755,503,268,199920.0,745.97
2025-02,México,Televentas,40180,1936,599,335,268,169232.0,631.46
2025-02,México,Referidos de clientes,33657,1612,453,239,203,20018.0,98.61
2025-02,México,Alianzas y bancos,43541,1379,352,204,162,65903.0,406.81
2025-02,México,Marketplace / App,28864,1148,264,155,97,28160.0,290.31
2025-02,Ecuador,Búsqueda orgánica,56088,2296,469,278,215,40497.0,188.36
2025-02,Ecuador,Canal de contadores,63892,2391,462,255,222,30153.0,135.82
2025-02,Ecuador,Google Ads,36190,1367,372,247,150,107644.0,717.63
2025-02,Ecuador,Meta Ads,31824,1171,289,170,88,56063.0,637.08
2025-02,Ecuador,Televentas,22715,725,213,124,98,63199.0,644.89
2025-02,Ecuador,Referidos de clientes,9326,475,120,73,67,5482.0,81.82
2025-02,Ecuador,Alianzas y bancos,12922,506,111,72,55,17044.0,309.88
2025-02,Ecuador,Marketplace / App,8176,310,82,44,29,6911.0,238.3
2025-02,Perú,Búsqueda orgánica,31308,1209,324,195,142,29070.0,204.72
2025-02,Perú,Canal de contadores,26984,1180,357,219,198,27250.0,137.63
2025-02,Perú,Google Ads,34044,1003,266,162,105,77686.0,739.87
2025-02,Perú,Meta Ads,27132,931,215,123,74,48277.0,652.39
2025-02,Perú,Televentas,16793,553,158,100,74,46992.0,635.03
2025-02,Perú,Referidos de clientes,15915,415,90,56,49,3977.0,81.17
2025-02,Perú,Alianzas y bancos,10405,401,87,48,39,12999.0,333.3
2025-02,Perú,Marketplace / App,9441,274,55,31,21,5541.0,263.87
2025-02,Uruguay,Búsqueda orgánica,11365,565,149,94,65,17528.0,269.66
2025-02,Uruguay,Canal de contadores,9573,485,145,94,83,15932.0,191.95
2025-02,Uruguay,Google Ads,12405,506,139,85,54,58995.0,1092.51
2025-02,Uruguay,Meta Ads,12231,336,94,54,28,25643.0,915.81
2025-02,Uruguay,Televentas,9743,269,65,39,32,25469.0,795.9
2025-02,Uruguay,Referidos de clientes,3874,188,39,25,23,2653.0,115.36
2025-02,Uruguay,Alianzas y bancos,4188,120,30,20,17,7394.0,434.92
2025-02,Uruguay,Marketplace / App,2952,104,24,16,11,3689.0,335.36
2025-02,Chile,Búsqueda orgánica,10533,347,99,63,45,13880.0,308.45
2025-02,Chile,Canal de contadores,14549,600,115,69,65,15175.0,233.46
2025-02,Chile,Google Ads,13413,455,88,49,34,39325.0,1156.63
2025-02,Chile,Meta Ads,9505,257,70,40,21,26188.0,1247.04
2025-02,Chile,Televentas,6022,206,60,32,27,25154.0,931.62
2025-02,Chile,Referidos de clientes,2732,129,30,19,16,2214.0,138.38
2025-02,Chile,Alianzas y bancos,3915,106,32,18,15,7072.0,471.47
2025-02,Chile,Marketplace / App,2277,69,16,11,8,3109.0,388.65
2025-03,Colombia,Búsqueda orgánica,240310,7556,1675,874,641,116970.0,182.48
2025-03,Colombia,Canal de contadores,147676,6578,1490,781,713,93481.0,131.11
2025-03,Colombia,Google Ads,102318,4683,1447,772,449,269883.0,601.08
2025-03,Colombia,Meta Ads,137428,3771,904,549,288,206227.0,716.07
2025-03,Colombia,Televentas,58897,2540,704,395,324,164191.0,506.76
2025-03,Colombia,Referidos de clientes,41890,1697,464,262,221,16920.0,76.56
2025-03,Colombia,Alianzas y bancos,29377,1185,341,218,172,47428.0,275.75
2025-03,Colombia,Marketplace / App,29773,1197,231,126,92,19243.0,209.17
2025-03,México,Búsqueda orgánica,238064,7093,1420,869,614,131557.0,214.26
2025-03,México,Canal de contadores,157541,5879,1287,741,660,115783.0,175.43
2025-03,México,Google Ads,141519,4734,1093,682,435,395770.0,909.82
2025-03,México,Meta Ads,118049,3900,829,473,260,199531.0,767.43
2025-03,México,Televentas,51164,2135,593,329,266,180102.0,677.07
2025-03,México,Referidos de clientes,37173,1283,366,233,195,18952.0,97.19
2025-03,México,Alianzas y bancos,37434,1233,348,196,148,52101.0,352.04
2025-03,México,Marketplace / App,30040,801,216,124,81,19235.0,237.47
2025-03,Ecuador,Búsqueda orgánica,53592,1980,397,257,191,29847.0,156.27
2025-03,Ecuador,Canal de contadores,40798,1764,419,270,231,32477.0,140.59
2025-03,Ecuador,Google Ads,56533,1807,401,220,133,86973.0,653.94
2025-03,Ecuador,Meta Ads,27192,954,285,161,83,56745.0,683.67
2025-03,Ecuador,Televentas,19159,981,232,123,94,58081.0,617.89
2025-03,Ecuador,Referidos de clientes,23096,749,146,79,69,5200.0,75.36
2025-03,Ecuador,Alianzas y bancos,11138,504,143,76,62,21045.0,339.43
2025-03,Ecuador,Marketplace / App,8477,338,81,47,32,6813.0,212.91
2025-03,Perú,Búsqueda orgánica,30784,1058,275,158,122,23840.0,195.41
2025-03,Perú,Canal de contadores,26511,1317,283,192,159,20039.0,126.03
2025-03,Perú,Google Ads,24237,1053,304,172,106,71747.0,676.86
2025-03,Perú,Meta Ads,19492,818,178,115,62,43698.0,704.81
2025-03,Perú,Televentas,11355,469,145,90,70,40397.0,577.1
2025-03,Perú,Referidos de clientes,8357,251,69,43,36,3104.0,86.21
2025-03,Perú,Alianzas y bancos,4959,224,64,40,33,10633.0,322.22
2025-03,Perú,Marketplace / App,5968,201,51,30,20,4477.0,223.84
2025-03,Uruguay,Búsqueda orgánica,14435,439,131,88,66,16712.0,253.2
2025-03,Uruguay,Canal de contadores,20811,780,154,86,78,14344.0,183.89
2025-03,Uruguay,Google Ads,21682,588,159,85,52,52190.0,1003.64
2025-03,Uruguay,Meta Ads,9976,344,91,59,32,27359.0,854.96
2025-03,Uruguay,Televentas,6020,243,69,37,29,23819.0,821.36
2025-03,Uruguay,Referidos de clientes,4661,176,46,28,24,2692.0,112.18
2025-03,Uruguay,Alianzas y bancos,3271,118,36,20,17,7492.0,440.73
2025-03,Uruguay,Marketplace / App,2256,90,22,15,10,2919.0,291.89
2025-03,Chile,Búsqueda orgánica,9229,428,128,76,54,17747.0,328.64
2025-03,Chile,Canal de contadores,11620,517,139,74,67,16135.0,240.83
2025-03,Chile,Google Ads,11765,360,105,70,42,53931.0,1284.06
2025-03,Chile,Meta Ads,5678,238,59,38,21,19267.0,917.47
2025-03,Chile,Televentas,5431,254,53,34,27,25030.0,927.03
2025-03,Chile,Referidos de clientes,5067,193,46,26,21,2252.0,107.26
2025-03,Chile,Alianzas y bancos,4216,110,24,16,14,6738.0,481.25
2025-03,Chile,Marketplace / App,2294,78,20,12,8,2586.0,323.21
2025-04,Colombia,Búsqueda orgánica,130364,4860,1095,717,514,96977.0,188.67
2025-04,Colombia,Canal de contadores,135543,5378,1144,728,626,80441.0,128.5
2025-04,Colombia,Google Ads,181151,4942,958,622,387,255185.0,659.39
2025-04,Colombia,Meta Ads,67740,2451,726,438,237,150161.0,633.59
2025-04,Colombia,Televentas,38941,1776,492,325,277,148647.0,536.63
2025-04,Colombia,Referidos de clientes,58386,1846,427,233,189,13836.0,73.21
2025-04,Colombia,Alianzas y bancos,54993,1435,296,177,146,42190.0,288.98
2025-04,Colombia,Marketplace / App,34081,981,231,136,88,22043.0,250.49
2025-04,México,Búsqueda orgánica,121878,4599,1099,674,492,109066.0,221.68
2025-04,México,Canal de contadores,129103,6459,1422,795,696,113003.0,162.36
2025-04,México,Google Ads,67303,3096,909,541,336,281519.0,837.85
2025-04,México,Meta Ads,58748,3029,612,394,208,162292.0,780.25
2025-04,México,Televentas,85960,2790,668,374,263,197940.0,752.62
2025-04,México,Referidos de clientes,32345,1183,301,204,183,19105.0,104.4
2025-04,México,Alianzas y bancos,42748,1311,271,178,137,45063.0,328.93
2025-04,México,Marketplace / App,14547,736,189,126,83,24227.0,291.89
2025-04,Ecuador,Búsqueda orgánica,28729,1261,313,210,154,31701.0,205.85
2025-04,Ecuador,Canal de contadores,39649,1385,388,252,225,32151.0,142.89
2025-04,Ecuador,Google Ads,32715,1428,331,205,137,89362.0,652.27
2025-04,Ecuador,Meta Ads,28095,1134,273,150,80,55392.0,692.39
2025-04,Ecuador,Televentas,26762,791,176,99,77,46153.0,599.39
2025-04,Ecuador,Referidos de clientes,12243,453,116,66,53,4931.0,93.04
2025-04,Ecuador,Alianzas y bancos,10160,525,107,67,52,15596.0,299.93
2025-04,Ecuador,Marketplace / App,8397,246,60,38,27,7026.0,260.22
2025-04,Perú,Búsqueda orgánica,27974,1283,265,172,127,23056.0,181.54
2025-04,Perú,Canal de contadores,35958,1368,345,191,175,25521.0,145.84
2025-04,Perú,Google Ads,46529,1367,293,158,94,68869.0,732.65
2025-04,Perú,Meta Ads,28012,946,188,115,61,40613.0,665.78
2025-04,Perú,Televentas,13400,584,162,86,69,37083.0,537.44
2025-04,Perú,Referidos de clientes,10545,308,79,52,43,3985.0,92.67
2025-04,Perú,Alianzas y bancos,11674,380,85,46,37,12036.0,325.28
2025-04,Perú,Marketplace / App,4959,129,39,25,18,4579.0,254.38
2025-04,Uruguay,Búsqueda orgánica,19995,565,156,86,61,16200.0,265.58
2025-04,Uruguay,Canal de contadores,9823,506,155,86,74,14399.0,194.58
2025-04,Uruguay,Google Ads,11976,548,134,76,43,38736.0,900.84
2025-04,Uruguay,Meta Ads,10075,343,81,49,25,24117.0,964.7
2025-04,Uruguay,Televentas,8390,282,58,37,29,23347.0,805.07
2025-04,Uruguay,Referidos de clientes,5794,172,46,26,22,2273.0,103.32
2025-04,Uruguay,Alianzas y bancos,3249,114,28,18,16,6948.0,434.24
2025-04,Uruguay,Marketplace / App,2458,87,25,14,9,3104.0,344.85
2025-04,Chile,Búsqueda orgánica,21348,638,125,68,52,15315.0,294.51
2025-04,Chile,Canal de contadores,19424,658,130,79,70,15104.0,215.77
2025-04,Chile,Google Ads,8542,325,99,63,37,43852.0,1185.2
2025-04,Chile,Meta Ads,4879,222,64,40,22,23800.0,1081.8
2025-04,Chile,Televentas,5465,252,58,34,27,31563.0,1169.01
2025-04,Chile,Referidos de clientes,3533,149,35,19,18,2380.0,132.2
2025-04,Chile,Alianzas y bancos,4123,154,31,18,14,7092.0,506.54
2025-04,Chile,Marketplace / App,1554,64,16,10,7,3008.0,429.7
2025-05,Colombia,Búsqueda orgánica,126817,5562,1277,839,584,105630.0,180.87
2025-05,Colombia,Canal de contadores,138477,6583,1402,748,636,79425.0,124.88
2025-05,Colombia,Google Ads,123718,3728,1101,674,426,315964.0,741.7
2025-05,Colombia,Meta Ads,80299,3712,740,413,222,137962.0,621.45
2025-05,Colombia,Televentas,64212,2020,587,354,273,145006.0,531.16
2025-05,Colombia,Referidos de clientes,29974,1447,292,185,162,11063.0,68.29
2025-05,Colombia,Alianzas y bancos,32206,1285,258,169,131,42418.0,323.8
2025-05,Colombia,Marketplace / App,36564,1112,214,127,80,18103.0,226.29
2025-05,México,Búsqueda orgánica,128859,3713,995,627,489,117594.0,240.48
2025-05,México,Canal de contadores,161830,5181,1374,718,617,100165.0,162.34
2025-05,México,Google Ads,109084,3952,1159,700,416,372247.0,894.83
2025-05,México,Meta Ads,50622,2590,696,445,247,182282.0,737.99
2025-05,México,Televentas,55338,2101,574,363,277,199852.0,721.49
2025-05,México,Referidos de clientes,31233,1452,418,235,188,18961.0,100.85
2025-05,México,Alianzas y bancos,42240,1799,346,204,153,60126.0,392.98
2025-05,México,Marketplace / App,24783,680,174,115,70,20941.0,299.16
2025-05,Ecuador,Búsqueda orgánica,58346,1525,400,225,177,36398.0,205.64
2025-05,Ecuador,Canal de contadores,36894,1448,439,264,222,35340.0,159.19
2025-05,Ecuador,Google Ads,51698,1849,384,202,115,77596.0,674.75
2025-05,Ecuador,Meta Ads,20006,865,268,146,81,59051.0,729.03
2025-05,Ecuador,Televentas,24657,784,150,101,85,50423.0,593.21
2025-05,Ecuador,Referidos de clientes,12083,359,111,71,61,4904.0,80.39
2025-05,Ecuador,Alianzas y bancos,8801,450,98,57,45,13594.0,302.1
2025-05,Ecuador,Marketplace / App,7027,239,59,38,24,5785.0,241.03
2025-05,Perú,Búsqueda orgánica,18166,931,286,154,122,20055.0,164.39
2025-05,Perú,Canal de contadores,18380,889,260,159,144,21738.0,150.96
2025-05,Perú,Google Ads,18751,846,248,149,89,62637.0,703.79
2025-05,Perú,Meta Ads,10799,545,160,87,48,32823.0,683.81
2025-05,Perú,Televentas,12410,587,137,74,56,37539.0,670.34
2025-05,Perú,Referidos de clientes,8768,287,82,52,44,3330.0,75.69
2025-05,Perú,Alianzas y bancos,9046,353,68,41,32,9427.0,294.6
2025-05,Perú,Marketplace / App,3417,163,45,28,20,4860.0,242.98
2025-05,Uruguay,Búsqueda orgánica,11908,502,124,74,56,14696.0,262.42
2025-05,Uruguay,Canal de contadores,20818,576,146,93,84,15710.0,187.03
2025-05,Uruguay,Google Ads,17802,519,128,67,42,41535.0,988.93
2025-05,Uruguay,Meta Ads,13213,376,100,55,28,25828.0,922.41
2025-05,Uruguay,Televentas,5814,289,59,36,29,21646.0,746.4
2025-05,Uruguay,Referidos de clientes,4016,194,43,25,22,2583.0,117.39
2025-05,Uruguay,Alianzas y bancos,2785,138,36,19,15,6976.0,465.06
2025-05,Uruguay,Marketplace / App,2278,89,19,12,8,2618.0,327.22
2025-05,Chile,Búsqueda orgánica,13509,551,118,68,49,15934.0,325.18
2025-05,Chile,Canal de contadores,10813,448,120,69,64,12938.0,202.15
2025-05,Chile,Google Ads,12049,388,86,56,34,36401.0,1070.62
2025-05,Chile,Meta Ads,7659,291,68,39,21,18993.0,904.44
2025-05,Chile,Televentas,4149,167,52,31,24,23185.0,966.05
2025-05,Chile,Referidos de clientes,2798,134,41,24,20,2427.0,121.37
2025-05,Chile,Alianzas y bancos,4106,120,23,15,13,6305.0,485.0
2025-05,Chile,Marketplace / App,2579,69,19,11,8,3294.0,411.74
2025-06,Colombia,Búsqueda orgánica,167684,5734,1191,736,541,94779.0,175.19
2025-06,Colombia,Canal de contadores,74642,3416,960,641,568,75328.0,132.62
2025-06,Colombia,Google Ads,85891,3990,958,535,311,204439.0,657.36
2025-06,Colombia,Meta Ads,47712,1976,594,381,215,121199.0,563.72
2025-06,Colombia,Televentas,41621,2086,541,323,264,160810.0,609.13
2025-06,Colombia,Referidos de clientes,31076,1302,325,218,196,12658.0,64.58
2025-06,Colombia,Alianzas y bancos,21701,1036,279,164,137,41919.0,305.98
2025-06,Colombia,Marketplace / App,22965,719,207,125,81,18035.0,222.66
2025-06,México,Búsqueda orgánica,110701,4745,1224,725,509,114509.0,224.97
2025-06,México,Canal de contadores,142392,4703,1299,860,710,135895.0,191.4
2025-06,México,Google Ads,100165,3772,1015,612,364,363117.0,997.57
2025-06,México,Meta Ads,60549,3105,653,425,236,175978.0,745.67
2025-06,México,Televentas,56964,1649,492,326,259,200327.0,773.46
2025-06,México,Referidos de clientes,21717,993,297,167,146,13196.0,90.38
2025-06,México,Alianzas y bancos,23433,1058,244,158,130,49718.0,382.45
2025-06,México,Marketplace / App,11482,514,153,99,71,21197.0,298.55
2025-06,Ecuador,Búsqueda orgánica,40650,1689,382,246,183,39106.0,213.7
2025-06,Ecuador,Canal de contadores,37263,1349,338,187,170,23457.0,137.98
2025-06,Ecuador,Google Ads,35271,1395,292,194,122,81935.0,671.6
2025-06,Ecuador,Meta Ads,26104,1317,254,142,80,50406.0,630.08
2025-06,Ecuador,Televentas,15177,659,137,93,80,45476.0,568.45
2025-06,Ecuador,Referidos de clientes,11687,371,111,69,58,4179.0,72.06
2025-06,Ecuador,Alianzas y bancos,9125,359,97,54,50,17141.0,342.82
2025-06,Ecuador,Marketplace / App,8077,239,62,41,27,7183.0,266.02
2025-06,Perú,Búsqueda orgánica,40923,1411,348,186,136,24961.0,183.54
2025-06,Perú,Canal de contadores,56283,1472,314,172,154,18670.0,121.23
2025-06,Perú,Google Ads,20311,1015,238,144,92,62468.0,679.0
2025-06,Perú,Meta Ads,14804,711,210,118,62,38562.0,621.96
2025-06,Perú,Televentas,23787,672,139,81,65,34654.0,533.13
2025-06,Perú,Referidos de clientes,11536,460,98,52,43,3239.0,75.34
2025-06,Perú,Alianzas y bancos,7087,331,68,40,31,9513.0,306.86
2025-06,Perú,Marketplace / App,5143,212,47,26,17,4228.0,248.72
2025-06,Uruguay,Búsqueda orgánica,12935,449,103,69,54,13977.0,258.83
2025-06,Uruguay,Canal de contadores,11413,485,137,83,69,12529.0,181.58
2025-06,Uruguay,Google Ads,10443,415,99,60,37,32264.0,872.0
2025-06,Uruguay,Meta Ads,6408,297,82,50,26,19753.0,759.73
2025-06,Uruguay,Televentas,8154,223,57,37,31,24956.0,805.03
2025-06,Uruguay,Referidos de clientes,3397,126,36,24,20,2295.0,114.74
2025-06,Uruguay,Alianzas y bancos,2385,109,32,18,15,6579.0,438.62
2025-06,Uruguay,Marketplace / App,2039,88,21,13,9,3237.0,359.7
2025-06,Chile,Búsqueda orgánica,19425,569,115,64,49,14559.0,297.12
2025-06,Chile,Canal de contadores,17640,633,149,80,68,13667.0,200.99
2025-06,Chile,Google Ads,8870,448,102,65,38,44144.0,1161.69
2025-06,Chile,Meta Ads,5323,251,66,45,25,24675.0,987.0
2025-06,Chile,Televentas,6208,188,44,28,23,20626.0,896.79
2025-06,Chile,Referidos de clientes,2253,102,29,17,15,2050.0,136.64
2025-06,Chile,Alianzas y bancos,2779,122,32,19,15,7537.0,502.48
2025-06,Chile,Marketplace / App,1251,64,19,12,8,3099.0,387.34
2025-07,Colombia,Búsqueda orgánica,83388,3894,1197,705,511,94924.0,185.76
2025-07,Colombia,Canal de contadores,121268,4303,1205,810,696,92765.0,133.28
2025-07,Colombia,Google Ads,90176,4068,880,572,340,221932.0,652.74
2025-07,Colombia,Meta Ads,93815,2594,708,428,229,150455.0,657.01
2025-07,Colombia,Televentas,65794,1935,553,345,263,142391.0,541.41
2025-07,Colombia,Referidos de clientes,26572,1183,295,178,157,11659.0,74.26
2025-07,Colombia,Alianzas y bancos,41078,1713,328,175,137,34868.0,254.51
2025-07,Colombia,Marketplace / App,14771,631,170,115,76,19002.0,250.02
2025-07,México,Búsqueda orgánica,85726,3340,918,607,481,108142.0,224.83
2025-07,México,Canal de contadores,148510,6624,1521,792,662,125290.0,189.26
2025-07,México,Google Ads,120453,4567,906,549,340,278893.0,820.27
2025-07,México,Meta Ads,112448,3275,816,435,232,186802.0,805.18
2025-07,México,Televentas,76149,2083,478,312,239,176571.0,738.79
2025-07,México,Referidos de clientes,51200,1979,401,238,186,19679.0,105.8
2025-07,México,Alianzas y bancos,30868,1209,314,192,156,54481.0,349.24
2025-07,México,Marketplace / App,31796,1084,229,121,77,23011.0,298.85
2025-07,Ecuador,Búsqueda orgánica,31151,1554,362,227,174,29084.0,167.15
2025-07,Ecuador,Canal de contadores,64269,1974,466,274,238,34748.0,146.0
2025-07,Ecuador,Google Ads,26370,1284,384,235,140,125919.0,899.42
2025-07,Ecuador,Meta Ads,20462,754,226,148,84,59618.0,709.74
2025-07,Ecuador,Televentas,19732,779,189,118,96,61682.0,642.52
2025-07,Ecuador,Referidos de clientes,16517,662,128,76,65,5144.0,79.13
2025-07,Ecuador,Alianzas y bancos,18262,500,103,63,51,17008.0,333.5
2025-07,Ecuador,Marketplace / App,5818,254,68,37,25,5713.0,228.5
2025-07,Perú,Búsqueda orgánica,25259,1144,264,155,121,22381.0,184.96
2025-07,Perú,Canal de contadores,34647,1252,303,177,174,26920.0,154.71
2025-07,Perú,Google Ads,16776,864,255,162,92,56879.0,618.25
2025-07,Perú,Meta Ads,15140,767,157,90,51,33414.0,655.18
2025-07,Perú,Televentas,14115,513,106,64,51,25351.0,497.08
2025-07,Perú,Referidos de clientes,7520,387,95,50,47,4069.0,86.57
2025-07,Perú,Alianzas y bancos,10338,330,64,40,34,10295.0,302.8
2025-07,Perú,Marketplace / App,5252,172,46,25,17,4467.0,262.76
2025-07,Uruguay,Búsqueda orgánica,13492,644,140,77,54,14409.0,266.83
2025-07,Uruguay,Canal de contadores,10079,487,141,95,82,16315.0,198.96
2025-07,Uruguay,Google Ads,10579,443,120,72,45,45958.0,1021.3
2025-07,Uruguay,Meta Ads,13645,375,103,57,31,24673.0,795.89
2025-07,Uruguay,Televentas,6806,222,64,38,31,24032.0,775.24
2025-07,Uruguay,Referidos de clientes,4479,140,38,22,20,2023.0,101.16
2025-07,Uruguay,Alianzas y bancos,4517,177,34,19,16,7405.0,462.82
2025-07,Uruguay,Marketplace / App,2181,108,29,16,11,3970.0,360.88
2025-07,Chile,Búsqueda orgánica,9429,361,111,73,55,16118.0,293.05
2025-07,Chile,Canal de contadores,16184,508,122,75,67,15327.0,228.76
2025-07,Chile,Google Ads,19371,531,130,69,43,51308.0,1193.21
2025-07,Chile,Meta Ads,5011,236,56,38,22,22836.0,1038.01
2025-07,Chile,Televentas,6493,278,55,35,28,25567.0,913.12
2025-07,Chile,Referidos de clientes,2445,124,34,21,18,2246.0,124.75
2025-07,Chile,Alianzas y bancos,3815,140,29,19,16,8514.0,532.11
2025-07,Chile,Marketplace / App,3358,102,24,13,8,3073.0,384.16
2025-08,Colombia,Búsqueda orgánica,150885,4922,1417,823,580,103679.0,178.76
2025-08,Colombia,Canal de contadores,206008,5669,1301,745,642,91111.0,141.92
2025-08,Colombia,Google Ads,117087,5350,1021,667,394,283341.0,719.14
2025-08,Colombia,Meta Ads,79440,2949,726,435,235,146724.0,624.36
2025-08,Colombia,Televentas,39178,1922,577,376,307,163401.0,532.25
2025-08,Colombia,Referidos de clientes,36107,1511,334,218,185,14345.0,77.54
2025-08,Colombia,Alianzas y bancos,35127,1614,341,182,144,41009.0,284.78
2025-08,Colombia,Marketplace / App,16018,721,196,120,82,19329.0,235.72
2025-08,México,Búsqueda orgánica,164999,5646,1168,740,550,141882.0,257.97
2025-08,México,Canal de contadores,161259,5552,1450,955,778,122841.0,157.89
2025-08,México,Google Ads,110665,3193,947,512,331,260686.0,787.57
2025-08,México,Meta Ads,101517,3669,902,518,279,189895.0,680.63
2025-08,México,Televentas,88176,2492,493,335,257,168368.0,655.13
2025-08,México,Referidos de clientes,54891,1852,381,224,200,20047.0,100.23
2025-08,México,Alianzas y bancos,37588,1611,381,214,173,66397.0,383.8
2025-08,México,Marketplace / App,22107,966,197,128,80,22611.0,282.64
2025-08,Ecuador,Búsqueda orgánica,31778,1434,408,239,180,34211.0,190.06
2025-08,Ecuador,Canal de contadores,40801,1964,572,312,271,39014.0,143.96
2025-08,Ecuador,Google Ads,28684,1291,274,185,119,80202.0,673.96
2025-08,Ecuador,Meta Ads,33896,954,255,135,74,50761.0,685.96
2025-08,Ecuador,Televentas,23810,935,244,128,104,60370.0,580.48
2025-08,Ecuador,Referidos de clientes,11994,431,128,73,62,5426.0,87.51
2025-08,Ecuador,Alianzas y bancos,8915,361,95,62,51,17853.0,350.06
2025-08,Ecuador,Marketplace / App,4525,224,63,42,27,7227.0,267.67
2025-08,Perú,Búsqueda orgánica,36138,1427,279,172,131,24958.0,190.52
2025-08,Perú,Canal de contadores,28161,1194,302,205,167,23738.0,142.14
2025-08,Perú,Google Ads,18260,932,286,179,109,77665.0,712.52
2025-08,Perú,Meta Ads,22987,1068,210,122,63,39993.0,634.81
2025-08,Perú,Televentas,16190,593,124,83,67,33709.0,503.12
2025-08,Perú,Referidos de clientes,10239,355,76,51,44,3645.0,82.85
2025-08,Perú,Alianzas y bancos,5681,221,62,39,32,9756.0,304.88
2025-08,Perú,Marketplace / App,4562,121,34,23,16,3997.0,249.84
2025-08,Uruguay,Búsqueda orgánica,14265,529,156,84,62,17989.0,290.14
2025-08,Uruguay,Canal de contadores,15076,629,138,90,79,13677.0,173.12
2025-08,Uruguay,Google Ads,8547,427,123,70,41,40790.0,994.87
2025-08,Uruguay,Meta Ads,11658,419,96,51,27,23743.0,879.38
2025-08,Uruguay,Televentas,10136,298,75,44,34,27726.0,815.46
2025-08,Uruguay,Referidos de clientes,4545,206,43,26,24,2588.0,107.82
2025-08,Uruguay,Alianzas y bancos,3875,152,37,22,18,8048.0,447.11
2025-08,Uruguay,Marketplace / App,1566,65,20,13,9,2874.0,319.32
2025-08,Chile,Búsqueda orgánica,17766,605,143,84,63,22284.0,353.72
2025-08,Chile,Canal de contadores,15358,512,98,67,58,11491.0,198.13
2025-08,Chile,Google Ads,11530,435,101,62,39,39086.0,1002.2
2025-08,Chile,Meta Ads,7860,224,62,42,23,22365.0,972.4
2025-08,Chile,Televentas,4566,211,58,37,29,26305.0,907.06
2025-08,Chile,Referidos de clientes,3688,176,43,24,20,2781.0,139.06
2025-08,Chile,Alianzas y bancos,3157,146,31,18,15,7747.0,516.48
2025-08,Chile,Marketplace / App,3863,103,20,12,8,3389.0,423.56
2025-09,Colombia,Búsqueda orgánica,186505,7089,1467,786,620,121307.0,195.66
2025-09,Colombia,Canal de contadores,167606,5334,1569,866,751,98717.0,131.45
2025-09,Colombia,Google Ads,79856,3918,1203,662,390,284505.0,729.5
2025-09,Colombia,Meta Ads,51793,2568,721,489,283,166497.0,588.33
2025-09,Colombia,Televentas,101544,2849,613,335,254,146944.0,578.52
2025-09,Colombia,Referidos de clientes,45678,1238,345,233,193,14025.0,72.67
2025-09,Colombia,Alianzas y bancos,22978,1078,319,186,150,44331.0,295.54
2025-09,Colombia,Marketplace / App,18120,835,204,114,85,19696.0,231.71
2025-09,México,Búsqueda orgánica,194307,5396,1421,753,552,130042.0,235.58
2025-09,México,Canal de contadores,122572,4677,1336,838,734,136074.0,185.39
2025-09,México,Google Ads,150987,5015,1104,726,444,397035.0,894.22
2025-09,México,Meta Ads,108003,3005,768,489,268,218461.0,815.15
2025-09,México,Televentas,48008,2424,676,387,308,225910.0,733.48
2025-09,México,Referidos de clientes,36193,1346,377,245,203,21291.0,104.88
2025-09,México,Alianzas y bancos,47011,1749,373,203,173,67350.0,389.3
2025-09,México,Marketplace / App,13954,716,210,122,80,22424.0,280.3
2025-09,Ecuador,Búsqueda orgánica,46441,1716,412,232,182,36047.0,198.06
2025-09,Ecuador,Canal de contadores,40492,1554,452,259,249,33340.0,133.89
2025-09,Ecuador,Google Ads,24693,1221,341,226,134,95563.0,713.16
2025-09,Ecuador,Meta Ads,16436,845,247,148,78,46324.0,593.89
2025-09,Ecuador,Televentas,18870,913,220,121,96,58967.0,614.24
2025-09,Ecuador,Referidos de clientes,10107,350,108,70,59,5083.0,86.16
2025-09,Ecuador,Alianzas y bancos,13405,434,86,55,45,15511.0,344.69
2025-09,Ecuador,Marketplace / App,7171,352,80,42,29,7842.0,270.41
2025-09,Perú,Búsqueda orgánica,33119,1254,335,176,143,25976.0,181.65
2025-09,Perú,Canal de contadores,18970,911,247,165,138,21271.0,154.14
2025-09,Perú,Google Ads,28232,1404,311,162,97,79950.0,824.23
2025-09,Perú,Meta Ads,19026,681,163,106,57,34884.0,612.0
2025-09,Perú,Televentas,19540,518,139,79,59,35426.0,600.43
2025-09,Perú,Referidos de clientes,12414,342,99,53,44,3257.0,74.03
2025-09,Perú,Alianzas y bancos,5929,273,84,45,35,10216.0,291.88
2025-09,Perú,Marketplace / App,6737,199,55,33,22,5818.0,264.47
2025-09,Uruguay,Búsqueda orgánica,12550,615,152,88,63,16736.0,265.65
2025-09,Uruguay,Canal de contadores,13850,579,178,108,89,18105.0,203.42
2025-09,Uruguay,Google Ads,9463,444,114,68,45,45025.0,1000.56
2025-09,Uruguay,Meta Ads,7446,284,86,58,32,28460.0,889.36
2025-09,Uruguay,Televentas,5897,231,67,36,30,21208.0,706.94
2025-09,Uruguay,Referidos de clientes,2882,125,38,24,21,2006.0,95.51
2025-09,Uruguay,Alianzas y bancos,3704,145,39,22,18,7990.0,443.89
2025-09,Uruguay,Marketplace / App,2293,68,18,12,9,2928.0,325.35
2025-09,Chile,Búsqueda orgánica,13785,689,141,81,61,18784.0,307.94
2025-09,Chile,Canal de contadores,13823,470,130,87,79,17084.0,216.25
2025-09,Chile,Google Ads,11132,499,121,78,47,55480.0,1180.43
2025-09,Chile,Meta Ads,8810,372,74,49,27,29741.0,1101.52
2025-09,Chile,Televentas,6089,221,66,43,35,34967.0,999.07
2025-09,Chile,Referidos de clientes,4927,181,40,22,20,2587.0,129.34
2025-09,Chile,Alianzas y bancos,3039,130,39,22,18,9896.0,549.76
2025-09,Chile,Marketplace / App,2145,95,23,15,10,4036.0,403.59
2025-10,Colombia,Búsqueda orgánica,118370,5226,1305,701,557,97118.0,174.36
2025-10,Colombia,Canal de contadores,134016,4145,1087,658,584,78631.0,134.64
2025-10,Colombia,Google Ads,112102,4183,906,597,365,268902.0,736.72
2025-10,Colombia,Meta Ads,60720,1976,583,383,203,134040.0,660.29
2025-10,Colombia,Televentas,61544,3037,581,357,277,173765.0,627.31
2025-10,Colombia,Referidos de clientes,38031,1458,409,235,198,16404.0,82.85
2025-10,Colombia,Alianzas y bancos,24181,1102,292,157,135,39195.0,290.33
2025-10,Colombia,Marketplace / App,26431,833,239,127,88,19030.0,216.25
2025-10,México,Búsqueda orgánica,117090,4314,1048,713,511,102641.0,200.86
2025-10,México,Canal de contadores,106654,4871,1268,782,764,116051.0,151.9
2025-10,México,Google Ads,62715,3140,866,583,370,320919.0,867.35
2025-10,México,Meta Ads,132281,3652,746,459,246,204150.0,829.88
2025-10,México,Televentas,87337,2666,653,379,285,210522.0,738.67
2025-10,México,Referidos de clientes,29090,1489,399,239,207,20377.0,98.44
2025-10,México,Alianzas y bancos,31287,941,266,181,146,54199.0,371.23
2025-10,México,Marketplace / App,24380,992,197,133,84,22977.0,273.54
2025-10,Ecuador,Búsqueda orgánica,40170,1789,389,229,177,36794.0,207.88
2025-10,Ecuador,Canal de contadores,54054,1724,506,280,257,41279.0,160.62
2025-10,Ecuador,Google Ads,41254,1532,443,234,138,105799.0,766.66
2025-10,Ecuador,Meta Ads,30628,1009,252,158,90,61184.0,679.82
2025-10,Ecuador,Televentas,27991,861,224,117,91,51192.0,562.55
2025-10,Ecuador,Referidos de clientes,19053,602,143,87,72,6176.0,85.77
2025-10,Ecuador,Alianzas y bancos,10911,339,94,62,49,15492.0,316.16
2025-10,Ecuador,Marketplace / App,7259,310,79,46,29,6701.0,231.06
2025-10,Perú,Búsqueda orgánica,34368,999,294,193,137,24783.0,180.9
2025-10,Perú,Canal de contadores,22881,937,280,186,172,26060.0,151.51
2025-10,Perú,Google Ads,28777,1485,283,172,102,82281.0,806.68
2025-10,Perú,Meta Ads,32960,946,200,109,58,42287.0,729.09
2025-10,Perú,Televentas,15747,766,147,98,73,46368.0,635.18
2025-10,Perú,Referidos de clientes,11724,373,81,48,42,3615.0,86.08
2025-10,Perú,Alianzas y bancos,7694,314,63,43,38,11041.0,290.54
2025-10,Perú,Marketplace / App,4648,181,47,30,19,4521.0,237.97
2025-10,Uruguay,Búsqueda orgánica,26867,766,167,95,69,16159.0,234.19
2025-10,Uruguay,Canal de contadores,16150,565,141,82,71,14327.0,201.79
2025-10,Uruguay,Google Ads,12201,475,128,75,44,48789.0,1108.83
2025-10,Uruguay,Meta Ads,7275,371,91,54,29,27785.0,958.11
2025-10,Uruguay,Televentas,7331,229,59,39,31,23979.0,773.52
2025-10,Uruguay,Referidos de clientes,3593,186,39,22,19,2200.0,115.81
2025-10,Uruguay,Alianzas y bancos,3217,108,28,19,16,6697.0,418.58
2025-10,Uruguay,Marketplace / App,3013,111,22,14,9,3325.0,369.4
2025-10,Chile,Búsqueda orgánica,9966,497,137,84,61,20196.0,331.09
2025-10,Chile,Canal de contadores,11174,510,129,87,76,15281.0,201.07
2025-10,Chile,Google Ads,11572,595,154,82,48,60145.0,1253.01
2025-10,Chile,Meta Ads,7468,311,76,47,25,29416.0,1176.64
2025-10,Chile,Televentas,5653,201,57,39,31,33706.0,1087.29
2025-10,Chile,Referidos de clientes,2846,135,35,24,21,2586.0,123.13
2025-10,Chile,Alianzas y bancos,2164,110,34,19,17,8720.0,512.97
2025-10,Chile,Marketplace / App,3119,109,24,13,9,3348.0,372.05
2025-11,Colombia,Búsqueda orgánica,116321,3811,1118,616,444,86991.0,195.92
2025-11,Colombia,Canal de contadores,117090,5277,1505,855,775,114358.0,147.56
2025-11,Colombia,Google Ads,85172,3297,937,637,420,298929.0,711.74
2025-11,Colombia,Meta Ads,84885,3109,690,445,223,141446.0,634.29
2025-11,Colombia,Televentas,66912,3083,721,376,292,163716.0,560.67
2025-11,Colombia,Referidos de clientes,54515,1573,327,217,195,15582.0,79.91
2025-11,Colombia,Alianzas y bancos,51607,1613,354,188,144,37107.0,257.68
2025-11,Colombia,Marketplace / App,24265,882,244,135,84,20367.0,242.47
2025-11,México,Búsqueda orgánica,137873,5392,1425,772,557,125388.0,225.11
2025-11,México,Canal de contadores,139721,5764,1397,782,732,123151.0,168.24
2025-11,México,Google Ads,149263,4325,898,525,314,311000.0,990.45
2025-11,México,Meta Ads,58854,3004,759,475,268,194576.0,726.03
2025-11,México,Televentas,74015,3086,720,376,289,204244.0,706.73
2025-11,México,Referidos de clientes,44076,1377,397,243,202,18027.0,89.24
2025-11,México,Alianzas y bancos,40528,1811,361,190,147,60760.0,413.33
2025-11,México,Marketplace / App,23616,1094,235,131,89,30110.0,338.32
2025-11,Ecuador,Búsqueda orgánica,46623,1521,402,243,181,29453.0,162.72
2025-11,Ecuador,Canal de contadores,61247,2063,403,269,230,38895.0,169.11
2025-11,Ecuador,Google Ads,52175,1565,390,234,132,103980.0,787.73
2025-11,Ecuador,Meta Ads,39120,1061,252,135,78,50316.0,645.08
2025-11,Ecuador,Televentas,21889,748,192,119,95,48504.0,510.57
2025-11,Ecuador,Referidos de clientes,19622,675,136,78,64,5941.0,92.83
2025-11,Ecuador,Alianzas y bancos,7914,377,99,55,45,15751.0,350.01
2025-11,Ecuador,Marketplace / App,5336,276,78,45,29,6988.0,240.95
2025-11,Perú,Búsqueda orgánica,28430,1272,324,174,126,24569.0,194.99
2025-11,Perú,Canal de contadores,29027,1044,266,155,139,17593.0,126.57
2025-11,Perú,Google Ads,20240,889,211,128,82,62474.0,761.88
2025-11,Perú,Meta Ads,17026,623,168,110,59,36859.0,624.73
2025-11,Perú,Televentas,14885,562,132,78,62,31090.0,501.46
2025-11,Perú,Referidos de clientes,8070,342,79,44,38,3162.0,83.2
2025-11,Perú,Alianzas y bancos,6779,251,60,37,31,9118.0,294.13
2025-11,Perú,Marketplace / App,7009,190,41,26,18,4804.0,266.87
2025-11,Uruguay,Búsqueda orgánica,17520,686,161,86,64,17081.0,266.89
2025-11,Uruguay,Canal de contadores,10896,525,129,80,72,15327.0,212.87
2025-11,Uruguay,Google Ads,7733,396,114,68,43,44746.0,1040.61
2025-11,Uruguay,Meta Ads,8272,358,82,48,24,20642.0,860.09
2025-11,Uruguay,Televentas,5355,256,71,37,29,24267.0,836.78
2025-11,Uruguay,Referidos de clientes,2798,144,41,23,20,2239.0,111.97
2025-11,Uruguay,Alianzas y bancos,2754,115,35,19,16,6631.0,414.43
2025-11,Uruguay,Marketplace / App,2725,86,19,11,8,3066.0,383.21
2025-11,Chile,Búsqueda orgánica,15595,788,150,85,63,19457.0,308.83
2025-11,Chile,Canal de contadores,12795,509,131,83,70,16354.0,233.63
2025-11,Chile,Google Ads,12439,384,101,65,41,49105.0,1197.68
2025-11,Chile,Meta Ads,6931,312,76,51,28,27641.0,987.18
2025-11,Chile,Televentas,4432,202,57,38,31,35730.0,1152.59
2025-11,Chile,Referidos de clientes,3733,177,47,26,22,3154.0,143.35
2025-11,Chile,Alianzas y bancos,3665,145,36,22,17,7656.0,450.36
2025-11,Chile,Marketplace / App,1561,80,20,11,8,3267.0,408.32
2025-12,Colombia,Búsqueda orgánica,133859,6647,1328,698,469,78019.0,166.35
2025-12,Colombia,Canal de contadores,81105,4133,1049,670,603,90254.0,149.67
2025-12,Colombia,Google Ads,86857,3417,978,591,338,225877.0,668.27
2025-12,Colombia,Meta Ads,74620,3534,712,394,226,127390.0,563.67
2025-12,Colombia,Televentas,64424,2994,663,354,262,135387.0,516.74
2025-12,Colombia,Referidos de clientes,39516,1298,321,193,161,12761.0,79.26
2025-12,Colombia,Alianzas y bancos,37284,1032,247,137,114,36092.0,316.6
2025-12,Colombia,Marketplace / App,25171,758,186,99,68,17490.0,257.2
2025-12,México,Búsqueda orgánica,141273,6275,1276,730,549,130246.0,237.24
2025-12,México,Canal de contadores,128011,4684,1226,771,683,108027.0,158.17
2025-12,México,Google Ads,83840,3462,1014,660,402,367509.0,914.2
2025-12,México,Meta Ads,68492,2262,684,434,231,186702.0,808.23
2025-12,México,Televentas,57207,2651,519,349,272,200067.0,735.54
2025-12,México,Referidos de clientes,50307,1690,364,240,188,19974.0,106.24
2025-12,México,Alianzas y bancos,26511,1328,338,198,155,57193.0,368.98
2025-12,México,Marketplace / App,23302,882,223,148,94,28849.0,306.9
2025-12,Ecuador,Búsqueda orgánica,24169,1216,357,237,174,38306.0,220.15
2025-12,Ecuador,Canal de contadores,37341,1767,370,242,222,33112.0,149.15
2025-12,Ecuador,Google Ads,20572,867,266,179,115,68561.0,596.18
2025-12,Ecuador,Meta Ads,38748,1213,252,137,75,55977.0,746.36
2025-12,Ecuador,Televentas,24240,912,215,117,96,62868.0,654.87
2025-12,Ecuador,Referidos de clientes,10856,438,109,69,62,5488.0,88.51
2025-12,Ecuador,Alianzas y bancos,7652,295,83,52,44,14584.0,331.45
2025-12,Ecuador,Marketplace / App,6820,332,84,44,30,6280.0,209.32
2025-12,Perú,Búsqueda orgánica,26099,1130,268,152,112,20222.0,180.55
2025-12,Perú,Canal de contadores,32011,1471,304,190,175,22906.0,130.89
2025-12,Perú,Google Ads,30778,1252,239,154,93,63833.0,686.38
2025-12,Perú,Meta Ads,26277,899,194,109,60,39394.0,656.57
2025-12,Perú,Televentas,16190,698,148,85,64,37900.0,592.18
2025-12,Perú,Referidos de clientes,8411,285,68,46,38,3039.0,79.97
2025-12,Perú,Alianzas y bancos,4779,221,62,40,33,10168.0,308.14
2025-12,Perú,Marketplace / App,5950,214,53,29,19,4704.0,247.6
2025-12,Uruguay,Búsqueda orgánica,24828,724,148,82,63,15883.0,252.1
2025-12,Uruguay,Canal de contadores,13190,636,154,83,79,14544.0,184.1
2025-12,Uruguay,Google Ads,13409,395,116,67,41,40370.0,984.63
2025-12,Uruguay,Meta Ads,7316,245,72,47,26,21151.0,813.49
2025-12,Uruguay,Televentas,5085,195,54,36,30,25786.0,859.54
2025-12,Uruguay,Referidos de clientes,5466,165,37,22,19,1943.0,102.28
2025-12,Uruguay,Alianzas y bancos,3102,101,27,17,15,6074.0,404.96
2025-12,Uruguay,Marketplace / App,1800,58,17,12,8,2737.0,342.16
2025-12,Chile,Búsqueda orgánica,16985,565,128,74,54,15451.0,286.12
2025-12,Chile,Canal de contadores,16431,448,121,71,62,14029.0,226.28
2025-12,Chile,Google Ads,12000,458,90,61,38,45043.0,1185.34
2025-12,Chile,Meta Ads,7794,251,66,42,23,24625.0,1070.65
2025-12,Chile,Televentas,6902,290,61,33,26,22910.0,881.15
2025-12,Chile,Referidos de clientes,2374,105,29,18,16,2017.0,126.08
2025-12,Chile,Alianzas y bancos,2602,94,25,17,14,7441.0,531.47
2025-12,Chile,Marketplace / App,2557,96,19,12,8,3452.0,431.45
2026-01,Colombia,Búsqueda orgánica,247199,7796,1998,1324,956,197499.0,206.59
2026-01,Colombia,Canal de contadores,266435,9320,2467,1312,1221,172719.0,141.46
2026-01,Colombia,Google Ads,167486,7922,1864,1081,662,453325.0,684.78
2026-01,Colombia,Meta Ads,106760,5268,1402,772,394,231360.0,587.21
2026-01,Colombia,Televentas,84173,3972,929,566,445,262820.0,590.61
2026-01,Colombia,Referidos de clientes,68009,3218,653,370,292,22889.0,78.39
2026-01,Colombia,Alianzas y bancos,61666,1871,497,278,215,60066.0,279.38
2026-01,Colombia,Marketplace / App,40199,1153,336,215,138,28211.0,204.43
2026-01,México,Búsqueda orgánica,218558,8586,1942,1282,921,243468.0,264.35
2026-01,México,Canal de contadores,301147,8476,2180,1211,1069,177420.0,165.97
2026-01,México,Google Ads,160607,6733,1804,1029,643,501707.0,780.26
2026-01,México,Meta Ads,82836,3307,966,607,341,296241.0,868.74
2026-01,México,Televentas,80811,2994,800,543,449,344202.0,766.6
2026-01,México,Referidos de clientes,73210,2686,583,359,305,31459.0,103.14
2026-01,México,Alianzas y bancos,40124,1591,459,297,227,88177.0,388.44
2026-01,México,Marketplace / App,63693,1682,370,207,130,35503.0,273.1
2026-01,Ecuador,Búsqueda orgánica,56028,2539,578,347,267,51657.0,193.47
2026-01,Ecuador,Canal de contadores,77440,3068,738,427,346,53532.0,154.72
2026-01,Ecuador,Google Ads,63503,1904,588,314,191,156960.0,821.78
2026-01,Ecuador,Meta Ads,32066,1326,333,218,117,68436.0,584.92
2026-01,Ecuador,Televentas,47859,1272,279,181,146,80657.0,552.45
2026-01,Ecuador,Referidos de clientes,26077,1014,211,116,98,8634.0,88.11
2026-01,Ecuador,Alianzas y bancos,19037,666,165,90,73,25215.0,345.41
2026-01,Ecuador,Marketplace / App,8201,368,97,61,42,8957.0,213.27
2026-01,Perú,Búsqueda orgánica,29570,1441,394,260,191,38516.0,201.66
2026-01,Perú,Canal de contadores,54657,2077,519,297,264,34504.0,130.7
2026-01,Perú,Google Ads,67794,2060,407,233,145,121334.0,836.79
2026-01,Perú,Meta Ads,33203,921,242,160,85,49873.0,586.74
2026-01,Perú,Televentas,20842,837,171,116,98,58053.0,592.37
2026-01,Perú,Referidos de clientes,13397,479,130,77,67,5125.0,76.5
2026-01,Perú,Alianzas y bancos,7329,318,92,60,47,13902.0,295.79
2026-01,Perú,Marketplace / App,7493,346,75,40,27,6345.0,235.0
2026-01,Uruguay,Búsqueda orgánica,23562,1039,206,133,101,25870.0,256.14
2026-01,Uruguay,Canal de contadores,20162,716,219,118,108,21588.0,199.88
2026-01,Uruguay,Google Ads,15610,793,195,110,68,69015.0,1014.93
2026-01,Uruguay,Meta Ads,10835,483,120,75,45,38941.0,865.36
2026-01,Uruguay,Televentas,10388,393,92,61,52,44156.0,849.15
2026-01,Uruguay,Referidos de clientes,5487,203,51,34,30,3210.0,106.99
2026-01,Uruguay,Alianzas y bancos,4029,206,46,28,23,9526.0,414.17
2026-01,Uruguay,Marketplace / App,1813,87,27,18,12,3293.0,274.44
2026-01,Chile,Búsqueda orgánica,29014,1029,221,117,90,29383.0,326.48
2026-01,Chile,Canal de contadores,33809,983,226,126,107,23339.0,218.12
2026-01,Chile,Google Ads,18065,693,162,101,62,74506.0,1201.71
2026-01,Chile,Meta Ads,15419,417,122,72,38,41907.0,1102.81
2026-01,Chile,Televentas,8562,399,94,55,43,43784.0,1018.23
2026-01,Chile,Referidos de clientes,4710,198,57,39,31,4248.0,137.02
2026-01,Chile,Alianzas y bancos,5112,145,44,26,21,11093.0,528.23
2026-01,Chile,Marketplace / App,4501,137,27,18,13,4898.0,376.74
2026-02,Colombia,Búsqueda orgánica,199004,5798,1496,944,719,131612.0,183.05
2026-02,Colombia,Canal de contadores,127347,6326,1801,1061,916,112965.0,123.32
2026-02,Colombia,Google Ads,139447,4423,1288,772,481,334739.0,695.92
2026-02,Colombia,Meta Ads,133172,3766,1073,682,351,218727.0,623.15
2026-02,Colombia,Televentas,93687,3526,960,527,413,201107.0,486.94
2026-02,Colombia,Referidos de clientes,50029,2516,626,336,278,18368.0,66.07
2026-02,Colombia,Alianzas y bancos,59814,1996,503,264,212,59717.0,281.68
2026-02,Colombia,Marketplace / App,25704,1232,377,200,128,30721.0,240.0
2026-02,México,Búsqueda orgánica,226605,7296,2173,1137,784,174241.0,222.25
2026-02,México,Canal de contadores,163187,5916,1381,896,828,127334.0,153.78
2026-02,México,Google Ads,154978,5297,1103,722,448,407101.0,908.71
2026-02,México,Meta Ads,128874,3992,963,594,311,250598.0,805.78
2026-02,México,Televentas,106868,3010,747,484,364,247053.0,678.72
2026-02,México,Referidos de clientes,46447,1689,448,280,242,20936.0,86.51
2026-02,México,Alianzas y bancos,42837,1514,398,212,176,79957.0,454.3
2026-02,México,Marketplace / App,19461,928,264,160,110,30842.0,280.38
2026-02,Ecuador,Búsqueda orgánica,37844,1433,426,274,219,43959.0,200.72
2026-02,Ecuador,Canal de contadores,67523,2929,562,294,265,36073.0,136.12
2026-02,Ecuador,Google Ads,53320,1535,416,274,156,125975.0,807.53
2026-02,Ecuador,Meta Ads,37821,1143,242,136,78,51724.0,663.12
2026-02,Ecuador,Televentas,33485,1184,246,146,108,69072.0,639.55
2026-02,Ecuador,Referidos de clientes,8746,438,110,72,64,5171.0,80.8
2026-02,Ecuador,Alianzas y bancos,16067,538,143,79,64,18668.0,291.68
2026-02,Ecuador,Marketplace / App,7910,262,74,48,31,8036.0,259.24
2026-02,Perú,Búsqueda orgánica,78159,2064,395,245,176,31472.0,178.82
2026-02,Perú,Canal de contadores,46580,1633,390,223,198,24931.0,125.92
2026-02,Perú,Google Ads,33055,1535,350,185,103,68988.0,669.79
2026-02,Perú,Meta Ads,16522,706,196,120,63,43893.0,696.71
2026-02,Perú,Televentas,22026,574,175,95,76,44832.0,589.9
2026-02,Perú,Referidos de clientes,13532,375,97,64,55,4402.0,80.03
2026-02,Perú,Alianzas y bancos,9126,327,76,52,44,14280.0,324.54
2026-02,Perú,Marketplace / App,6845,246,57,31,22,5314.0,241.56
2026-02,Uruguay,Búsqueda orgánica,18138,739,169,91,67,15629.0,233.27
2026-02,Uruguay,Canal de contadores,18487,647,155,102,92,19323.0,210.04
2026-02,Uruguay,Google Ads,28146,761,173,92,54,55320.0,1024.44
2026-02,Uruguay,Meta Ads,10458,354,82,54,30,25224.0,840.78
2026-02,Uruguay,Televentas,5238,254,69,44,33,24177.0,732.63
2026-02,Uruguay,Referidos de clientes,4552,162,44,28,25,2791.0,111.66
2026-02,Uruguay,Alianzas y bancos,5627,206,42,24,20,8175.0,408.77
2026-02,Uruguay,Marketplace / App,1924,74,22,15,10,3602.0,360.25
2026-02,Chile,Búsqueda orgánica,14874,449,134,88,69,22782.0,330.17
2026-02,Chile,Canal de contadores,13094,640,184,104,91,23260.0,255.61
2026-02,Chile,Google Ads,21440,637,160,95,57,57419.0,1007.36
2026-02,Chile,Meta Ads,12746,339,91,57,32,34461.0,1076.9
2026-02,Chile,Televentas,11013,321,80,49,38,35895.0,944.6
2026-02,Chile,Referidos de clientes,5829,170,48,31,26,3497.0,134.5
2026-02,Chile,Alianzas y bancos,6684,194,42,24,21,9969.0,474.73
2026-02,Chile,Marketplace / App,2076,100,31,17,11,3720.0,338.23
2026-03,Colombia,Búsqueda orgánica,178161,6767,1674,881,639,127702.0,199.85
2026-03,Colombia,Canal de contadores,167821,6490,1883,1067,921,127986.0,138.96
2026-03,Colombia,Google Ads,150501,6669,1326,732,443,318280.0,718.46
2026-03,Colombia,Meta Ads,84278,2628,755,480,260,171371.0,659.12
2026-03,Colombia,Televentas,60045,3014,795,436,336,175479.0,522.26
2026-03,Colombia,Referidos de clientes,82603,2445,495,305,243,18607.0,76.57
2026-03,Colombia,Alianzas y bancos,62733,1820,373,243,189,58522.0,309.64
2026-03,Colombia,Marketplace / App,22545,1156,258,166,114,27569.0,241.83
2026-03,México,Búsqueda orgánica,160522,7123,1513,864,648,137185.0,211.7
2026-03,México,Canal de contadores,248101,6872,1413,867,798,136561.0,171.13
2026-03,México,Google Ads,129257,5118,1242,837,506,514746.0,1017.28
2026-03,México,Meta Ads,111089,3370,1002,658,368,312854.0,850.15
2026-03,México,Televentas,95502,3054,698,447,339,227129.0,670.0
2026-03,México,Referidos de clientes,41272,1877,382,256,226,20672.0,91.47
2026-03,México,Alianzas y bancos,37394,1347,408,255,209,68883.0,329.58
2026-03,México,Marketplace / App,18772,898,272,146,97,30573.0,315.19
2026-03,Ecuador,Búsqueda orgánica,58537,2926,575,300,237,50965.0,215.04
2026-03,Ecuador,Canal de contadores,38274,1819,483,308,265,36516.0,137.79
2026-03,Ecuador,Google Ads,46021,1962,441,232,141,110129.0,781.06
2026-03,Ecuador,Meta Ads,21803,912,227,153,87,61264.0,704.18
2026-03,Ecuador,Televentas,24744,866,196,119,96,56568.0,589.25
2026-03,Ecuador,Referidos de clientes,9899,507,143,85,75,6447.0,85.96
2026-03,Ecuador,Alianzas y bancos,22545,730,143,78,63,20511.0,325.57
2026-03,Ecuador,Marketplace / App,7034,276,83,52,35,8859.0,253.12
2026-03,Perú,Búsqueda orgánica,27065,1053,324,194,146,26004.0,178.11
2026-03,Perú,Canal de contadores,47693,1647,414,235,202,28678.0,141.97
2026-03,Perú,Google Ads,46238,1625,346,215,131,97341.0,743.06
2026-03,Perú,Meta Ads,21326,708,217,121,68,42310.0,622.2
2026-03,Perú,Televentas,24097,653,156,95,75,43872.0,584.96
2026-03,Perú,Referidos de clientes,15463,441,125,67,57,4400.0,77.19
2026-03,Perú,Alianzas y bancos,7084,366,82,52,40,11389.0,284.72
2026-03,Perú,Marketplace / App,5559,220,64,36,22,5734.0,260.63
2026-03,Uruguay,Búsqueda orgánica,20634,650,146,97,73,16189.0,221.76
2026-03,Uruguay,Canal de contadores,20996,641,162,98,84,16319.0,194.28
2026-03,Uruguay,Google Ads,13944,613,152,87,52,49385.0,949.71
2026-03,Uruguay,Meta Ads,7663,361,99,55,29,27537.0,949.57
2026-03,Uruguay,Televentas,6944,325,62,38,29,21346.0,736.07
2026-03,Uruguay,Referidos de clientes,4277,168,45,25,22,2245.0,102.04
2026-03,Uruguay,Alianzas y bancos,3485,150,40,22,19,7208.0,379.38
2026-03,Uruguay,Marketplace / App,3941,132,30,17,11,3395.0,308.61
2026-03,Chile,Búsqueda orgánica,16173,476,141,94,70,21292.0,304.17
2026-03,Chile,Canal de contadores,14160,701,173,104,90,20229.0,224.77
2026-03,Chile,Google Ads,19632,589,147,83,52,68037.0,1308.41
2026-03,Chile,Meta Ads,14121,376,98,54,32,34403.0,1075.09
2026-03,Chile,Televentas,11287,294,72,46,36,38334.0,1064.84
2026-03,Chile,Referidos de clientes,4453,216,50,31,26,3381.0,130.03
2026-03,Chile,Alianzas y bancos,3899,126,35,23,20,10131.0,506.56
2026-03,Chile,Marketplace / App,2668,103,26,17,11,4072.0,370.18
2026-04,Colombia,Búsqueda orgánica,154137,6874,1488,968,707,133149.0,188.33
2026-04,Colombia,Canal de contadores,146263,5462,1475,902,802,100600.0,125.44
2026-04,Colombia,Google Ads,119904,3982,1198,698,457,319995.0,700.21
2026-04,Colombia,Meta Ads,86388,4404,1028,536,295,187554.0,635.78
2026-04,Colombia,Televentas,49765,2484,761,476,364,196750.0,540.52
2026-04,Colombia,Referidos de clientes,71034,2098,451,270,228,16096.0,70.6
2026-04,Colombia,Alianzas y bancos,42282,1567,337,201,170,48440.0,284.94
2026-04,Colombia,Marketplace / App,21928,842,249,146,94,24271.0,258.2
2026-04,México,Búsqueda orgánica,236445,7240,1656,970,692,156586.0,226.28
2026-04,México,Canal de contadores,180116,7286,1431,876,813,144244.0,177.42
2026-04,México,Google Ads,176667,5023,1429,794,492,462415.0,939.87
2026-04,México,Meta Ads,117193,4703,976,514,289,206874.0,715.83
2026-04,México,Televentas,53802,2043,630,393,316,228846.0,724.2
2026-04,México,Referidos de clientes,55533,2679,520,301,260,26203.0,100.78
2026-04,México,Alianzas y bancos,46926,2261,436,242,194,67903.0,350.02
2026-04,México,Marketplace / App,28328,1065,250,151,108,34074.0,315.5
2026-04,Ecuador,Búsqueda orgánica,41737,1808,557,320,232,47043.0,202.77
2026-04,Ecuador,Canal de contadores,87728,2552,524,319,271,39083.0,144.22
2026-04,Ecuador,Google Ads,38804,1423,430,239,143,92115.0,644.16
2026-04,Ecuador,Meta Ads,36373,1702,359,188,99,65933.0,665.99
2026-04,Ecuador,Televentas,19138,986,231,145,116,67489.0,581.8
2026-04,Ecuador,Referidos de clientes,12856,492,137,81,69,5895.0,85.44
2026-04,Ecuador,Alianzas y bancos,11219,563,110,74,58,17493.0,301.6
2026-04,Ecuador,Marketplace / App,13068,438,97,54,35,9920.0,283.42
2026-04,Perú,Búsqueda orgánica,38840,1701,333,175,128,25199.0,196.87
2026-04,Perú,Canal de contadores,36734,1259,338,184,165,22217.0,134.65
2026-04,Perú,Google Ads,22470,901,254,171,105,78716.0,749.67
2026-04,Perú,Meta Ads,26765,789,158,104,57,33666.0,590.64
2026-04,Perú,Televentas,29733,888,171,103,82,54150.0,660.36
2026-04,Perú,Referidos de clientes,10463,326,95,62,52,4391.0,84.44
2026-04,Perú,Alianzas y bancos,5964,280,78,48,39,11879.0,304.58
2026-04,Perú,Marketplace / App,3934,165,49,31,23,5198.0,225.99
2026-04,Uruguay,Búsqueda orgánica,17963,711,174,117,80,19651.0,245.64
2026-04,Uruguay,Canal de contadores,11447,553,171,102,87,17187.0,197.55
2026-04,Uruguay,Google Ads,8712,411,124,76,47,45358.0,965.07
2026-04,Uruguay,Meta Ads,10052,471,90,55,29,28024.0,966.34
2026-04,Uruguay,Televentas,10609,337,73,47,36,30190.0,838.62
2026-04,Uruguay,Referidos de clientes,5019,232,49,29,25,2819.0,112.77
2026-04,Uruguay,Alianzas y bancos,4111,213,42,24,20,8156.0,407.78
2026-04,Uruguay,Marketplace / App,2597,84,20,13,9,2753.0,305.84
2026-04,Chile,Búsqueda orgánica,29440,809,155,91,68,23370.0,343.67
2026-04,Chile,Canal de contadores,14949,562,144,93,86,18418.0,214.17
2026-04,Chile,Google Ads,12223,595,151,87,51,60873.0,1193.59
2026-04,Chile,Meta Ads,16577,545,104,61,33,36229.0,1097.86
2026-04,Chile,Televentas,7174,303,68,44,37,32741.0,884.9
2026-04,Chile,Referidos de clientes,3304,146,42,26,24,3688.0,153.69
2026-04,Chile,Alianzas y bancos,3230,132,39,22,18,9284.0,515.8
2026-04,Chile,Marketplace / App,4872,127,25,15,10,4334.0,433.36
2026-05,Colombia,Búsqueda orgánica,133755,5668,1383,834,633,106853.0,168.8
2026-05,Colombia,Canal de contadores,107616,4689,1284,859,735,101929.0,138.68
2026-05,Colombia,Google Ads,128655,3581,1024,584,358,237924.0,664.59
2026-05,Colombia,Meta Ads,40938,1977,612,404,250,148548.0,594.19
2026-05,Colombia,Televentas,41821,1771,451,293,255,125343.0,491.54
2026-05,Colombia,Referidos de clientes,35596,1700,428,230,194,14554.0,75.02
2026-05,Colombia,Alianzas y bancos,26030,1250,341,205,168,51977.0,309.39
2026-05,Colombia,Marketplace / App,29752,1112,234,153,104,23100.0,222.11
2026-05,México,Búsqueda orgánica,199756,6855,1732,903,682,167242.0,245.22
2026-05,México,Canal de contadores,112761,4587,1215,804,721,115497.0,160.19
2026-05,México,Google Ads,87040,4524,1045,699,418,391949.0,937.68
2026-05,México,Meta Ads,89110,4377,843,532,283,218247.0,771.19
2026-05,México,Televentas,36610,1803,538,357,290,245931.0,848.04
2026-05,México,Referidos de clientes,45122,1492,414,263,232,25266.0,108.91
2026-05,México,Alianzas y bancos,34234,1235,372,235,194,80926.0,417.14
2026-05,México,Marketplace / App,17041,781,240,129,85,24497.0,288.2
2026-05,Ecuador,Búsqueda orgánica,56448,1973,407,258,192,38645.0,201.28
2026-05,Ecuador,Canal de contadores,38300,1971,509,270,237,35341.0,149.12
2026-05,Ecuador,Google Ads,24567,1178,343,224,137,106493.0,777.32
2026-05,Ecuador,Meta Ads,28093,1408,284,157,89,54613.0,613.63
2026-05,Ecuador,Televentas,15986,729,175,118,96,61723.0,642.95
2026-05,Ecuador,Referidos de clientes,11021,472,134,74,64,5573.0,87.08
2026-05,Ecuador,Alianzas y bancos,7521,316,88,55,43,11926.0,277.35
2026-05,Ecuador,Marketplace / App,11330,308,70,42,28,7135.0,254.82
2026-05,Perú,Búsqueda orgánica,26629,1029,278,163,119,21871.0,183.79
2026-05,Perú,Canal de contadores,48992,1633,434,237,195,27892.0,143.04
2026-05,Perú,Google Ads,22850,970,289,169,108,70447.0,652.29
2026-05,Perú,Meta Ads,25942,1019,200,119,65,48149.0,740.75
2026-05,Perú,Televentas,21650,667,165,94,71,44031.0,620.16
2026-05,Perú,Referidos de clientes,8837,335,98,61,51,3948.0,77.42
2026-05,Perú,Alianzas y bancos,9645,363,87,53,42,12635.0,300.84
2026-05,Perú,Marketplace / App,5796,247,54,35,25,5450.0,218.02
2026-05,Uruguay,Búsqueda orgánica,13194,661,144,88,63,16869.0,267.77
2026-05,Uruguay,Canal de contadores,19730,727,174,103,91,15919.0,174.93
2026-05,Uruguay,Google Ads,9046,464,143,85,50,42460.0,849.2
2026-05,Uruguay,Meta Ads,8858,320,89,54,31,24520.0,790.97
2026-05,Uruguay,Televentas,8435,330,80,44,35,27455.0,784.42
2026-05,Uruguay,Referidos de clientes,6417,236,49,27,23,2704.0,117.58
2026-05,Uruguay,Alianzas y bancos,5317,142,44,24,19,7889.0,415.2
2026-05,Uruguay,Marketplace / App,3072,87,26,17,11,3641.0,330.98
2026-05,Chile,Búsqueda orgánica,25998,719,169,96,76,24096.0,317.05
2026-05,Chile,Canal de contadores,13673,614,155,100,86,17563.0,204.22
2026-05,Chile,Google Ads,24759,644,135,78,48,53616.0,1117.0
2026-05,Chile,Meta Ads,8505,332,94,54,31,37864.0,1221.43
2026-05,Chile,Televentas,9607,296,75,47,37,36887.0,996.94
2026-05,Chile,Referidos de clientes,3759,173,51,29,24,3139.0,130.77
2026-05,Chile,Alianzas y bancos,4908,230,44,25,20,9571.0,478.56
2026-05,Chile,Marketplace / App,2349,99,27,15,10,3808.0,380.81
2026-06,Colombia,Búsqueda orgánica,136776,4190,1171,706,521,100107.0,192.14
2026-06,Colombia,Canal de contadores,121209,5999,1308,871,750,103893.0,138.52
2026-06,Colombia,Google Ads,114043,4526,862,556,350,240984.0,688.52
2026-06,Colombia,Meta Ads,54499,2598,776,490,274,186823.0,681.84
2026-06,Colombia,Televentas,45878,1748,492,331,269,152627.0,567.38
2026-06,Colombia,Referidos de clientes,59876,1737,487,254,206,15993.0,77.64
2026-06,Colombia,Alianzas y bancos,26700,1235,311,181,146,42783.0,293.04
2026-06,Colombia,Marketplace / App,18236,829,196,122,85,20431.0,240.36
2026-06,México,Búsqueda orgánica,218040,6388,1444,800,618,136845.0,221.43
2026-06,México,Canal de contadores,204774,8420,1761,983,868,160750.0,185.2
2026-06,México,Google Ads,197456,6173,1276,711,442,362147.0,819.34
2026-06,México,Meta Ads,81495,2842,808,520,295,234531.0,795.02
2026-06,México,Televentas,72547,2693,786,426,333,235868.0,708.31
2026-06,México,Referidos de clientes,55725,2002,443,234,205,20685.0,100.9
2026-06,México,Alianzas y bancos,63549,2229,485,254,195,68670.0,352.15
2026-06,México,Marketplace / App,23020,1167,252,146,102,33736.0,330.75
2026-06,Ecuador,Búsqueda orgánica,40257,1827,445,233,185,35371.0,191.19
2026-06,Ecuador,Canal de contadores,54056,2015,531,290,261,40130.0,153.76
2026-06,Ecuador,Google Ads,30708,1540,381,219,133,104212.0,783.55
2026-06,Ecuador,Meta Ads,31649,1009,293,161,92,61494.0,668.42
2026-06,Ecuador,Televentas,22523,922,191,118,94,56316.0,599.11
2026-06,Ecuador,Referidos de clientes,13993,518,131,70,60,5049.0,84.15
2026-06,Ecuador,Alianzas y bancos,9584,362,111,61,53,15986.0,301.63
2026-06,Ecuador,Marketplace / App,9011,340,67,46,29,6821.0,235.22
2026-06,Perú,Búsqueda orgánica,32913,1622,336,190,134,25617.0,191.17
2026-06,Perú,Canal de contadores,29655,1500,322,199,177,25543.0,144.31
2026-06,Perú,Google Ads,26919,1245,292,155,99,71355.0,720.75
2026-06,Perú,Meta Ads,20932,839,175,115,63,43494.0,690.38
2026-06,Perú,Televentas,14089,583,144,90,69,33042.0,478.87
2026-06,Perú,Referidos de clientes,6365,278,79,53,43,3366.0,78.29
2026-06,Perú,Alianzas y bancos,11194,354,74,41,33,10087.0,305.66
2026-06,Perú,Marketplace / App,5082,202,44,28,18,4139.0,229.94
2026-06,Uruguay,Búsqueda orgánica,15599,719,177,98,69,17534.0,254.12
2026-06,Uruguay,Canal de contadores,19307,779,149,88,75,14150.0,188.66
2026-06,Uruguay,Google Ads,13717,562,114,70,40,42453.0,1061.34
2026-06,Uruguay,Meta Ads,7431,286,83,44,25,21401.0,856.02
2026-06,Uruguay,Televentas,5080,200,59,38,32,23959.0,748.71
2026-06,Uruguay,Referidos de clientes,5252,138,31,18,17,1795.0,105.59
2026-06,Uruguay,Alianzas y bancos,4026,105,31,17,14,6322.0,451.59
2026-06,Uruguay,Marketplace / App,2109,71,19,13,9,3056.0,339.58
2026-06,Chile,Búsqueda orgánica,17146,624,141,91,76,24200.0,318.42
2026-06,Chile,Canal de contadores,14958,630,181,101,89,19229.0,216.06
2026-06,Chile,Google Ads,10703,453,136,84,50,59308.0,1186.16
2026-06,Chile,Meta Ads,5420,247,73,47,26,29942.0,1151.63
2026-06,Chile,Televentas,8163,344,78,45,35,35749.0,1021.41
2026-06,Chile,Referidos de clientes,3772,181,52,32,26,3149.0,121.13
2026-06,Chile,Alianzas y bancos,3181,124,28,19,17,8714.0,512.58
2026-06,Chile,Marketplace / App,4481,136,29,16,10,4011.0,401.09
2026-07,Colombia,Búsqueda orgánica,188766,5802,1481,774,578,95769.0,165.69
2026-07,Colombia,Canal de contadores,154106,6087,1232,798,740,81772.0,110.5
2026-07,Colombia,Google Ads,74293,3494,1020,680,412,309798.0,751.94
2026-07,Colombia,Meta Ads,96893,4276,871,481,277,169926.0,613.45
2026-07,Colombia,Televentas,62197,2006,599,358,278,163632.0,588.61
2026-07,Colombia,Referidos de clientes,37096,1322,351,233,203,15791.0,77.79
2026-07,Colombia,Alianzas y bancos,29332,1351,300,170,149,46179.0,309.93
2026-07,Colombia,Marketplace / App,18382,803,241,134,87,19328.0,222.16
2026-07,México,Búsqueda orgánica,137091,6951,1449,826,616,135442.0,219.87
2026-07,México,Canal de contadores,117895,6041,1550,912,785,128024.0,163.09
2026-07,México,Google Ads,135378,5872,1135,697,450,362928.0,806.51
2026-07,México,Meta Ads,48011,2490,757,444,233,174504.0,748.95
2026-07,México,Televentas,59752,2283,565,354,289,208781.0,722.42
2026-07,México,Referidos de clientes,53038,1579,404,263,224,22011.0,98.26
2026-07,México,Alianzas y bancos,36213,1452,305,205,173,61158.0,353.51
2026-07,México,Marketplace / App,21560,600,178,117,79,25012.0,316.61
2026-07,Ecuador,Búsqueda orgánica,26897,1395,424,227,164,30662.0,186.96
2026-07,Ecuador,Canal de contadores,38712,1374,414,253,236,29567.0,125.28
2026-07,Ecuador,Google Ads,44485,1246,309,181,120,98132.0,817.77
2026-07,Ecuador,Meta Ads,27309,925,276,165,95,68158.0,717.45
2026-07,Ecuador,Televentas,28234,927,189,122,96,58898.0,613.53
2026-07,Ecuador,Referidos de clientes,23864,665,136,76,62,5112.0,82.45
2026-07,Ecuador,Alianzas y bancos,15332,595,118,69,57,20719.0,363.49
2026-07,Ecuador,Marketplace / App,9539,285,75,46,31,8251.0,266.16
2026-07,Perú,Búsqueda orgánica,55764,1792,366,203,153,29172.0,190.67
2026-07,Perú,Canal de contadores,45216,1229,365,197,174,25966.0,149.23
2026-07,Perú,Google Ads,25625,1250,307,195,119,87559.0,735.79
2026-07,Perú,Meta Ads,23169,765,201,137,75,52050.0,694.0
2026-07,Perú,Televentas,16606,724,148,93,72,42737.0,593.57
2026-07,Perú,Referidos de clientes,14906,392,105,64,56,4378.0,78.17
2026-07,Perú,Alianzas y bancos,5888,286,74,44,39,11779.0,302.02
2026-07,Perú,Marketplace / App,6105,251,52,33,22,5575.0,253.42
2026-07,Uruguay,Búsqueda orgánica,21735,650,147,91,68,17371.0,255.46
2026-07,Uruguay,Canal de contadores,10655,504,134,84,73,13950.0,191.1
2026-07,Uruguay,Google Ads,14849,521,133,78,49,48459.0,988.97
2026-07,Uruguay,Meta Ads,10071,268,82,54,32,25929.0,810.29
2026-07,Uruguay,Televentas,5811,265,67,39,32,24339.0,760.59
2026-07,Uruguay,Referidos de clientes,3840,159,34,23,21,2224.0,105.9
2026-07,Uruguay,Alianzas y bancos,3438,145,31,21,17,7350.0,432.37
2026-07,Uruguay,Marketplace / App,1865,71,21,14,10,3137.0,313.67
2026-07,Chile,Búsqueda orgánica,17925,641,122,81,64,18365.0,286.95
2026-07,Chile,Canal de contadores,17555,734,186,107,95,19086.0,200.9
2026-07,Chile,Google Ads,13143,639,153,87,53,64918.0,1224.87
2026-07,Chile,Meta Ads,15848,539,110,61,34,30009.0,882.62
2026-07,Chile,Televentas,12243,337,80,49,38,34829.0,916.54
2026-07,Chile,Referidos de clientes,5432,162,45,30,27,3599.0,133.3
2026-07,Chile,Alianzas y bancos,3539,154,41,28,22,11221.0,510.03
2026-07,Chile,Marketplace / App,3237,142,31,17,11,4223.0,383.87
2026-08,Colombia,Búsqueda orgánica,129150,6032,1416,758,546,112985.0,206.93
2026-08,Colombia,Canal de contadores,187923,7285,1408,762,662,96165.0,145.26
2026-08,Colombia,Google Ads,133092,4933,1016,634,354,225321.0,636.5
2026-08,Colombia,Meta Ads,92864,2478,761,478,270,158596.0,587.39
2026-08,Colombia,Televentas,53791,1851,573,340,264,146723.0,555.77
2026-08,Colombia,Referidos de clientes,66746,1763,379,240,212,15070.0,71.08
2026-08,Colombia,Alianzas y bancos,38480,1657,379,208,167,48164.0,288.41
2026-08,Colombia,Marketplace / App,17252,763,236,150,102,25771.0,252.66
2026-08,México,Búsqueda orgánica,173120,6332,1658,922,681,156449.0,229.73
2026-08,México,Canal de contadores,322951,9671,1933,1025,931,154417.0,165.86
2026-08,México,Google Ads,243286,6727,1349,860,537,477335.0,888.89
2026-08,México,Meta Ads,118982,3319,971,572,306,260479.0,851.24
2026-08,México,Televentas,170654,4571,896,502,377,239837.0,636.17
2026-08,México,Referidos de clientes,47006,1918,390,258,224,19019.0,84.91
2026-08,México,Alianzas y bancos,44269,1852,450,248,198,83922.0,423.85
2026-08,México,Marketplace / App,20187,884,251,162,105,27627.0,263.11
2026-08,Ecuador,Búsqueda orgánica,36220,1384,424,286,219,38615.0,176.33
2026-08,Ecuador,Canal de contadores,45993,1800,432,290,265,31281.0,118.04
2026-08,Ecuador,Google Ads,57888,1627,345,222,133,79966.0,601.25
2026-08,Ecuador,Meta Ads,29809,1390,351,197,106,71292.0,672.57
2026-08,Ecuador,Televentas,20220,832,188,112,90,46800.0,520.0
2026-08,Ecuador,Referidos de clientes,11720,494,129,87,74,6377.0,86.18
2026-08,Ecuador,Alianzas y bancos,11010,398,115,66,57,16951.0,297.39
2026-08,Ecuador,Marketplace / App,12976,423,90,50,34,9974.0,293.36
2026-08,Perú,Búsqueda orgánica,34401,1146,295,180,137,24992.0,182.43
2026-08,Perú,Canal de contadores,29685,1450,421,221,190,23177.0,121.98
2026-08,Perú,Google Ads,35573,1692,349,185,105,69455.0,661.47
2026-08,Perú,Meta Ads,25078,869,237,132,70,42597.0,608.53
2026-08,Perú,Televentas,17659,679,168,97,76,44792.0,589.37
2026-08,Perú,Referidos de clientes,12313,509,103,56,49,4030.0,82.25
2026-08,Perú,Alianzas y bancos,7532,285,80,54,43,13489.0,313.69
2026-08,Perú,Marketplace / App,3439,165,49,33,23,5441.0,236.58
2026-08,Uruguay,Búsqueda orgánica,21772,690,158,88,62,16598.0,267.71
2026-08,Uruguay,Canal de contadores,17071,745,185,102,83,15861.0,191.1
2026-08,Uruguay,Google Ads,12410,628,122,77,47,47415.0,1008.83
2026-08,Uruguay,Meta Ads,6237,288,85,46,26,21062.0,810.08
2026-08,Uruguay,Televentas,8497,279,55,33,26,20216.0,777.55
2026-08,Uruguay,Referidos de clientes,4905,189,51,28,22,2572.0,116.92
2026-08,Uruguay,Alianzas y bancos,4234,129,36,19,16,7099.0,443.67
2026-08,Uruguay,Marketplace / App,1974,73,21,13,9,3095.0,343.93
2026-08,Chile,Búsqueda orgánica,16969,843,231,129,89,25505.0,286.57
2026-08,Chile,Canal de contadores,13237,667,176,112,100,19675.0,196.75
2026-08,Chile,Google Ads,16239,764,155,101,63,75518.0,1198.7
2026-08,Chile,Meta Ads,8233,343,85,56,31,30652.0,988.77
2026-08,Chile,Televentas,7301,306,75,45,37,37122.0,1003.3
2026-08,Chile,Referidos de clientes,4750,237,52,31,26,2634.0,101.3
2026-08,Chile,Alianzas y bancos,4239,159,45,26,22,11336.0,515.27
2026-08,Chile,Marketplace / App,3779,135,34,19,12,4534.0,377.81
